<node>
  <deviceClass>
    <basicDeviceClass>STATIC_CONTROLLER</basicDeviceClass>
    <genericDeviceClass>STATIC_CONTROLLER</genericDeviceClass>
    <specificDeviceClass>PC_CONTROLLER</specificDeviceClass>
  </deviceClass>
  <homeId>0xd563c354</homeId>
  <nodeId>1</nodeId>
  <version>4</version>
  <manufacturer>0x86</manufacturer>
  <deviceId>0x5a</deviceId>
  <deviceType>0x101</deviceType>
  <listening>true</listening>
  <frequentlyListening>false</frequentlyListening>
  <routing>false</routing>
  <security>false</security>
  <beaming>true</beaming>
  <maxBaudRate>40000</maxBaudRate>
  <supportedCommandClasses>
    <entry>
      <commandClass>NO_OPERATION</commandClass>
      <noOperationCommandClass>
        <version>1</version>
        <instances>0</instances>
        <versionSupported>1</versionSupported>
      </noOperationCommandClass>
    </entry>
    <entry>
      <commandClass>BASIC</commandClass>
      <basicCommandClass>
        <version>0</version>
        <instances>0</instances>
        <versionSupported>0</versionSupported>
        <isGetSupported>true</isGetSupported>
      </basicCommandClass>
    </entry>
  </supportedCommandClasses>
  <securedCommandClasses/>
  <associationGroups/>
  <nodeNeighbors>
    <int>2</int>
  </nodeNeighbors>
</node>