<node>
  <deviceClass>
    <basicDeviceClass>ROUTING_SLAVE</basicDeviceClass>
    <genericDeviceClass>BINARY_SWITCH</genericDeviceClass>
    <specificDeviceClass>POWER_SWITCH_BINARY</specificDeviceClass>
  </deviceClass>
  <homeId>0xd563c354</homeId>
  <nodeId>2</nodeId>
  <version>4</version>
  <manufacturer>0x1d</manufacturer>
  <deviceId>0x1</deviceId>
  <deviceType>0x3401</deviceType>
  <listening>true</listening>
  <frequentlyListening>false</frequentlyListening>
  <routing>true</routing>
  <security>false</security>
  <beaming>true</beaming>
  <maxBaudRate>40000</maxBaudRate>
  <nodeInformationFrame>
    <commandClass>ZWAVE_PLUS_INFO</commandClass>
    <commandClass>ASSOCIATION</commandClass>
    <commandClass>ASSOCIATION_GROUP_INFO</commandClass>
    <commandClass>VERSION</commandClass>
    <commandClass>MANUFACTURER_SPECIFIC</commandClass>
    <commandClass>CONFIGURATION</commandClass>
    <commandClass>DEVICE_RESET_LOCALLY</commandClass>
    <commandClass>POWERLEVEL</commandClass>
    <commandClass>SWITCH_BINARY</commandClass>
    <commandClass>BASIC</commandClass>
    <commandClass>SWITCH_ALL</commandClass>
    <commandClass>SCENE_ACTUATOR_CONF</commandClass>
    <commandClass>SCENE_ACTIVATION</commandClass>
    <commandClass>FIRMWARE_UPDATE_MD</commandClass>
  </nodeInformationFrame>
  <supportedCommandClasses>
    <entry>
      <commandClass>MANUFACTURER_SPECIFIC</commandClass>
      <manufacturerSpecificCommandClass>
        <version>1</version>
        <instances>1</instances>
        <versionSupported>2</versionSupported>
        <initSerialNumber>false</initSerialNumber>
        <deviceManufacturer>29</deviceManufacturer>
        <deviceType>13313</deviceType>
        <deviceId>1</deviceId>
      </manufacturerSpecificCommandClass>
    </entry>
    <entry>
      <commandClass>NO_OPERATION</commandClass>
      <noOperationCommandClass>
        <version>1</version>
        <instances>1</instances>
        <versionSupported>1</versionSupported>
      </noOperationCommandClass>
    </entry>
    <entry>
      <commandClass>SWITCH_BINARY</commandClass>
      <binarySwitchCommandClass>
        <version>1</version>
        <instances>1</instances>
        <versionSupported>2</versionSupported>
        <isGetSupported>true</isGetSupported>
      </binarySwitchCommandClass>
    </entry>
    <entry>
      <commandClass>SCENE_ACTUATOR_CONF</commandClass>
      <sceneActuatorConfigurationCommandClass>
        <version>1</version>
        <instances>1</instances>
        <versionSupported>1</versionSupported>
      </sceneActuatorConfigurationCommandClass>
    </entry>
    <entry>
      <commandClass>ASSOCIATION_GROUP_INFO</commandClass>
      <associationGroupInfoCommandClass>
        <version>1</version>
        <instances>1</instances>
        <versionSupported>1</versionSupported>
        <autoSubscribeGroups>
          <int>1</int>
        </autoSubscribeGroups>
      </associationGroupInfoCommandClass>
    </entry>
    <entry>
      <commandClass>ASSOCIATION</commandClass>
      <associationCommandClass>
        <version>2</version>
        <instances>1</instances>
        <versionSupported>2</versionSupported>
        <maxGroups>1</maxGroups>
      </associationCommandClass>
    </entry>
    <entry>
      <commandClass>FIRMWARE_UPDATE_MD</commandClass>
      <firmwareUpdateCommandClass>
        <version>1</version>
        <instances>1</instances>
        <versionSupported>2</versionSupported>
      </firmwareUpdateCommandClass>
    </entry>
    <entry>
      <commandClass>ZWAVE_PLUS_INFO</commandClass>
      <zwavePlusCommandClass>
        <version>1</version>
        <instances>1</instances>
        <versionSupported>2</versionSupported>
        <zwPlusVersion>1</zwPlusVersion>
        <zwPlusRole>5</zwPlusRole>
        <zwPlusNodeType>0</zwPlusNodeType>
        <zwPlusDeviceType>0x700</zwPlusDeviceType>
        <zwPlusInstallerIcon>0x700</zwPlusInstallerIcon>
        <isGetSupported>true</isGetSupported>
      </zwavePlusCommandClass>
    </entry>
    <entry>
      <commandClass>SWITCH_ALL</commandClass>
      <switchAllCommandClass>
        <version>1</version>
        <instances>1</instances>
        <versionSupported>1</versionSupported>
        <isGetSupported>true</isGetSupported>
        <mode>SWITCH_ALL_INCLUDE_ON_OFF</mode>
      </switchAllCommandClass>
    </entry>
    <entry>
      <commandClass>CONFIGURATION</commandClass>
      <configurationCommandClass>
        <version>1</version>
        <instances>1</instances>
        <versionSupported>1</versionSupported>
        <configParameters>
          <entry>
            <int>7</int>
            <configurationParameter>
              <index>7</index>
              <size>1</size>
              <value>-1</value>
              <readOnly>false</readOnly>
              <writeOnly>false</writeOnly>
            </configurationParameter>
          </entry>
        </configParameters>
      </configurationCommandClass>
    </entry>
    <entry>
      <commandClass>DEVICE_RESET_LOCALLY</commandClass>
      <deviceResetLocallyCommandClass>
        <version>1</version>
        <instances>1</instances>
        <versionSupported>1</versionSupported>
      </deviceResetLocallyCommandClass>
    </entry>
    <entry>
      <commandClass>POWERLEVEL</commandClass>
      <powerLevelCommandClass>
        <version>1</version>
        <instances>1</instances>
        <versionSupported>1</versionSupported>
        <powerLevel>0</powerLevel>
        <powerTimeout>0</powerTimeout>
      </powerLevelCommandClass>
    </entry>
    <entry>
      <commandClass>SCENE_ACTIVATION</commandClass>
      <sceneActivationCommandClass>
        <version>1</version>
        <instances>1</instances>
        <versionSupported>1</versionSupported>
      </sceneActivationCommandClass>
    </entry>
    <entry>
      <commandClass>BASIC</commandClass>
      <basicCommandClass>
        <version>1</version>
        <instances>1</instances>
        <versionSupported>2</versionSupported>
        <isGetSupported>true</isGetSupported>
      </basicCommandClass>
    </entry>
    <entry>
      <commandClass>VERSION</commandClass>
      <versionCommandClass>
        <version>2</version>
        <instances>1</instances>
        <versionSupported>2</versionSupported>
        <libraryType>LIB_SLAVE_ENHANCED</libraryType>
        <protocolVersion>4.33</protocolVersion>
        <applicationVersion>1.15</applicationVersion>
        <hardwareVersion>255</hardwareVersion>
      </versionCommandClass>
    </entry>
  </supportedCommandClasses>
  <securedCommandClasses/>
  <associationGroups>
    <entry>
      <int>1</int>
      <associationGroup>
        <index>1</index>
        <name>Lifeline</name>
        <profile1>0x0</profile1>
        <profile2>0x1</profile2>
        <commands>
          <commandClass>DEVICE_RESET_LOCALLY</commandClass>
        </commands>
        <associations>
          <associationMember>
            <node>1</node>
            <endpoint>0</endpoint>
          </associationMember>
        </associations>
      </associationGroup>
    </entry>
  </associationGroups>
  <nodeNeighbors>
    <int>1</int>
  </nodeNeighbors>
  <lastSent>2018-01-21 15:15:47.620 UTC</lastSent>
  <lastReceived>2018-01-21 15:15:47.659 UTC</lastReceived>
</node>