{
  "Zone2_ZoneInAlarm -\u003e dscalarm:zone:4d33e995:zone2:zone_in_alarm": {
    "class": "org.eclipse.smarthome.core.thing.link.ItemChannelLink",
    "value": {
      "channelUID": {
        "segments": [
          "dscalarm",
          "zone",
          "4d33e995",
          "zone2",
          "zone_in_alarm"
        ]
      },
      "configuration": {
        "properties": {}
      },
      "itemName": "Zone2_ZoneInAlarm"
    }
  },
  "DenonAVRX3300W_NowPlayingAlbum -\u003e denonmarantz:avr:7cf6de0d:album": {
    "class": "org.eclipse.smarthome.core.thing.link.ItemChannelLink",
    "value": {
      "channelUID": {
        "segments": [
          "denonmarantz",
          "avr",
          "7cf6de0d",
          "album"
        ]
      },
      "configuration": {
        "properties": {}
      },
      "itemName": "DenonAVRX3300W_NowPlayingAlbum"
    }
  },
  "DenonAVRX3300W_InputSourceZone2 -\u003e denonmarantz:avr:7cf6de0d:zone2Input": {
    "class": "org.eclipse.smarthome.core.thing.link.ItemChannelLink",
    "value": {
      "channelUID": {
        "segments": [
          "denonmarantz",
          "avr",
          "7cf6de0d",
          "zone2Input"
        ]
      },
      "configuration": {
        "properties": {}
      },
      "itemName": "DenonAVRX3300W_InputSourceZone2"
    }
  },
  "FrontDoor_ZoneStatus -\u003e dscalarm:zone:4d33e995:zone1:zone_status": {
    "class": "org.eclipse.smarthome.core.thing.link.ItemChannelLink",
    "value": {
      "channelUID": {
        "segments": [
          "dscalarm",
          "zone",
          "4d33e995",
          "zone1",
          "zone_status"
        ]
      },
      "configuration": {
        "properties": {}
      },
      "itemName": "FrontDoor_ZoneStatus"
    }
  },
  "GarageDoor_ZoneInAlarm -\u003e dscalarm:zone:4d33e995:zone3:zone_in_alarm": {
    "class": "org.eclipse.smarthome.core.thing.link.ItemChannelLink",
    "value": {
      "channelUID": {
        "segments": [
          "dscalarm",
          "zone",
          "4d33e995",
          "zone3",
          "zone_in_alarm"
        ]
      },
      "configuration": {
        "properties": {}
      },
      "itemName": "GarageDoor_ZoneInAlarm"
    }
  },
  "BasementDoor_ZoneStatus -\u003e dscalarm:zone:4d33e995:zone4:zone_status": {
    "class": "org.eclipse.smarthome.core.thing.link.ItemChannelLink",
    "value": {
      "channelUID": {
        "segments": [
          "dscalarm",
          "zone",
          "4d33e995",
          "zone4",
          "zone_status"
        ]
      },
      "configuration": {
        "properties": {}
      },
      "itemName": "BasementDoor_ZoneStatus"
    }
  },
  "FrontLights_SceneNumber -\u003e zwave:device:840f79ee:node2:scene_number": {
    "class": "org.eclipse.smarthome.core.thing.link.ItemChannelLink",
    "value": {
      "channelUID": {
        "segments": [
          "zwave",
          "device",
          "840f79ee",
          "node2",
          "scene_number"
        ]
      },
      "configuration": {
        "properties": {}
      },
      "itemName": "FrontLights_SceneNumber"
    }
  },
  "FrontDoor_ZoneInAlarm -\u003e dscalarm:zone:4d33e995:zone1:zone_in_alarm": {
    "class": "org.eclipse.smarthome.core.thing.link.ItemChannelLink",
    "value": {
      "channelUID": {
        "segments": [
          "dscalarm",
          "zone",
          "4d33e995",
          "zone1",
          "zone_in_alarm"
        ]
      },
      "configuration": {
        "properties": {}
      },
      "itemName": "FrontDoor_ZoneInAlarm"
    }
  },
  "Zone9_ZoneInAlarm -\u003e dscalarm:zone:4d33e995:zone9:zone_in_alarm": {
    "class": "org.eclipse.smarthome.core.thing.link.ItemChannelLink",
    "value": {
      "channelUID": {
        "segments": [
          "dscalarm",
          "zone",
          "4d33e995",
          "zone9",
          "zone_in_alarm"
        ]
      },
      "configuration": {
        "properties": {}
      },
      "itemName": "Zone9_ZoneInAlarm"
    }
  },
  "Zone2_ZoneStatus -\u003e dscalarm:zone:4d33e995:zone2:zone_status": {
    "class": "org.eclipse.smarthome.core.thing.link.ItemChannelLink",
    "value": {
      "channelUID": {
        "segments": [
          "dscalarm",
          "zone",
          "4d33e995",
          "zone2",
          "zone_status"
        ]
      },
      "configuration": {
        "properties": {}
      },
      "itemName": "Zone2_ZoneStatus"
    }
  },
  "Zone7_ZoneStatus -\u003e dscalarm:zone:4d33e995:zone7:zone_status": {
    "class": "org.eclipse.smarthome.core.thing.link.ItemChannelLink",
    "value": {
      "channelUID": {
        "segments": [
          "dscalarm",
          "zone",
          "4d33e995",
          "zone7",
          "zone_status"
        ]
      },
      "configuration": {
        "properties": {}
      },
      "itemName": "Zone7_ZoneStatus"
    }
  },
  "Zone2_ZoneBypassMode -\u003e dscalarm:zone:4d33e995:zone2:zone_bypass_mode": {
    "class": "org.eclipse.smarthome.core.thing.link.ItemChannelLink",
    "value": {
      "channelUID": {
        "segments": [
          "dscalarm",
          "zone",
          "4d33e995",
          "zone2",
          "zone_bypass_mode"
        ]
      },
      "configuration": {
        "properties": {}
      },
      "itemName": "Zone2_ZoneBypassMode"
    }
  },
  "BasementDoor_ZoneMessage -\u003e dscalarm:zone:4d33e995:zone4:zone_message": {
    "class": "org.eclipse.smarthome.core.thing.link.ItemChannelLink",
    "value": {
      "channelUID": {
        "segments": [
          "dscalarm",
          "zone",
          "4d33e995",
          "zone4",
          "zone_message"
        ]
      },
      "configuration": {
        "properties": {}
      },
      "itemName": "BasementDoor_ZoneMessage"
    }
  },
  "Zone6_ZoneBypassMode -\u003e dscalarm:zone:4d33e995:zone6:zone_bypass_mode": {
    "class": "org.eclipse.smarthome.core.thing.link.ItemChannelLink",
    "value": {
      "channelUID": {
        "segments": [
          "dscalarm",
          "zone",
          "4d33e995",
          "zone6",
          "zone_bypass_mode"
        ]
      },
      "configuration": {
        "properties": {}
      },
      "itemName": "Zone6_ZoneBypassMode"
    }
  },
  "DenonAVRX3300W_SurroundProgram -\u003e denonmarantz:avr:7cf6de0d:surroundProgram": {
    "class": "org.eclipse.smarthome.core.thing.link.ItemChannelLink",
    "value": {
      "channelUID": {
        "segments": [
          "denonmarantz",
          "avr",
          "7cf6de0d",
          "surroundProgram"
        ]
      },
      "configuration": {
        "properties": {}
      },
      "itemName": "DenonAVRX3300W_SurroundProgram"
    }
  },
  "DenonAVRX3300W_NowPlayingTrack -\u003e denonmarantz:avr:7cf6de0d:track": {
    "class": "org.eclipse.smarthome.core.thing.link.ItemChannelLink",
    "value": {
      "channelUID": {
        "segments": [
          "denonmarantz",
          "avr",
          "7cf6de0d",
          "track"
        ]
      },
      "configuration": {
        "properties": {}
      },
      "itemName": "DenonAVRX3300W_NowPlayingTrack"
    }
  },
  "Zone6_ZoneMessage -\u003e dscalarm:zone:4d33e995:zone6:zone_message": {
    "class": "org.eclipse.smarthome.core.thing.link.ItemChannelLink",
    "value": {
      "channelUID": {
        "segments": [
          "dscalarm",
          "zone",
          "4d33e995",
          "zone6",
          "zone_message"
        ]
      },
      "configuration": {
        "properties": {}
      },
      "itemName": "Zone6_ZoneMessage"
    }
  },
  "Zone5_ZoneStatus -\u003e dscalarm:zone:4d33e995:zone5:zone_status": {
    "class": "org.eclipse.smarthome.core.thing.link.ItemChannelLink",
    "value": {
      "channelUID": {
        "segments": [
          "dscalarm",
          "zone",
          "4d33e995",
          "zone5",
          "zone_status"
        ]
      },
      "configuration": {
        "properties": {}
      },
      "itemName": "Zone5_ZoneStatus"
    }
  },
  "Panel_PanelMessage2 -\u003e dscalarm:panel:4d33e995:panel:panel_trouble_message": {
    "class": "org.eclipse.smarthome.core.thing.link.ItemChannelLink",
    "value": {
      "channelUID": {
        "segments": [
          "dscalarm",
          "panel",
          "4d33e995",
          "panel",
          "panel_trouble_message"
        ]
      },
      "configuration": {
        "properties": {}
      },
      "itemName": "Panel_PanelMessage2"
    }
  },
  "Panel_PanelMessage -\u003e dscalarm:panel:4d33e995:panel:panel_message": {
    "class": "org.eclipse.smarthome.core.thing.link.ItemChannelLink",
    "value": {
      "channelUID": {
        "segments": [
          "dscalarm",
          "panel",
          "4d33e995",
          "panel",
          "panel_message"
        ]
      },
      "configuration": {
        "properties": {}
      },
      "itemName": "Panel_PanelMessage"
    }
  },
  "FrontDoor_ZoneBypassMode -\u003e dscalarm:zone:4d33e995:zone1:zone_bypass_mode": {
    "class": "org.eclipse.smarthome.core.thing.link.ItemChannelLink",
    "value": {
      "channelUID": {
        "segments": [
          "dscalarm",
          "zone",
          "4d33e995",
          "zone1",
          "zone_bypass_mode"
        ]
      },
      "configuration": {
        "properties": {}
      },
      "itemName": "FrontDoor_ZoneBypassMode"
    }
  },
  "GarageDoor_ZoneBypassMode -\u003e dscalarm:zone:4d33e995:zone3:zone_bypass_mode": {
    "class": "org.eclipse.smarthome.core.thing.link.ItemChannelLink",
    "value": {
      "channelUID": {
        "segments": [
          "dscalarm",
          "zone",
          "4d33e995",
          "zone3",
          "zone_bypass_mode"
        ]
      },
      "configuration": {
        "properties": {}
      },
      "itemName": "GarageDoor_ZoneBypassMode"
    }
  },
  "FrontLight_Switch -\u003e zwave:device:840f79ee:node2:switch_binary": {
    "class": "org.eclipse.smarthome.core.thing.link.ItemChannelLink",
    "value": {
      "channelUID": {
        "segments": [
          "zwave",
          "device",
          "840f79ee",
          "node2",
          "switch_binary"
        ]
      },
      "configuration": {
        "properties": {}
      },
      "itemName": "FrontLight_Switch"
    }
  },
  "DenonAVRX3300W_NowPlayingArtist -\u003e denonmarantz:avr:7cf6de0d:artist": {
    "class": "org.eclipse.smarthome.core.thing.link.ItemChannelLink",
    "value": {
      "channelUID": {
        "segments": [
          "denonmarantz",
          "avr",
          "7cf6de0d",
          "artist"
        ]
      },
      "configuration": {
        "properties": {}
      },
      "itemName": "DenonAVRX3300W_NowPlayingArtist"
    }
  },
  "Zone7_ZoneInAlarm -\u003e dscalarm:zone:4d33e995:zone7:zone_in_alarm": {
    "class": "org.eclipse.smarthome.core.thing.link.ItemChannelLink",
    "value": {
      "channelUID": {
        "segments": [
          "dscalarm",
          "zone",
          "4d33e995",
          "zone7",
          "zone_in_alarm"
        ]
      },
      "configuration": {
        "properties": {}
      },
      "itemName": "Zone7_ZoneInAlarm"
    }
  },
  "Panel_PanelTroubleLED -\u003e dscalarm:panel:4d33e995:panel:panel_trouble_led": {
    "class": "org.eclipse.smarthome.core.thing.link.ItemChannelLink",
    "value": {
      "channelUID": {
        "segments": [
          "dscalarm",
          "panel",
          "4d33e995",
          "panel",
          "panel_trouble_led"
        ]
      },
      "configuration": {
        "properties": {}
      },
      "itemName": "Panel_PanelTroubleLED"
    }
  },
  "Panel_PanelTime -\u003e dscalarm:panel:4d33e995:panel:panel_time": {
    "class": "org.eclipse.smarthome.core.thing.link.ItemChannelLink",
    "value": {
      "channelUID": {
        "segments": [
          "dscalarm",
          "panel",
          "4d33e995",
          "panel",
          "panel_time"
        ]
      },
      "configuration": {
        "properties": {}
      },
      "itemName": "Panel_PanelTime"
    }
  },
  "GarageDoor_ZoneStatus -\u003e dscalarm:zone:4d33e995:zone3:zone_status": {
    "class": "org.eclipse.smarthome.core.thing.link.ItemChannelLink",
    "value": {
      "channelUID": {
        "segments": [
          "dscalarm",
          "zone",
          "4d33e995",
          "zone3",
          "zone_status"
        ]
      },
      "configuration": {
        "properties": {}
      },
      "itemName": "GarageDoor_ZoneStatus"
    }
  },
  "BasementDoor_ZoneInAlarm -\u003e dscalarm:zone:4d33e995:zone4:zone_in_alarm": {
    "class": "org.eclipse.smarthome.core.thing.link.ItemChannelLink",
    "value": {
      "channelUID": {
        "segments": [
          "dscalarm",
          "zone",
          "4d33e995",
          "zone4",
          "zone_in_alarm"
        ]
      },
      "configuration": {
        "properties": {}
      },
      "itemName": "BasementDoor_ZoneInAlarm"
    }
  },
  "DenonAVRX3300W_InputSource -\u003e denonmarantz:avr:7cf6de0d:input": {
    "class": "org.eclipse.smarthome.core.thing.link.ItemChannelLink",
    "value": {
      "channelUID": {
        "segments": [
          "denonmarantz",
          "avr",
          "7cf6de0d",
          "input"
        ]
      },
      "configuration": {
        "properties": {}
      },
      "itemName": "DenonAVRX3300W_InputSource"
    }
  },
  "Zone8_ZoneBypassMode -\u003e dscalarm:zone:4d33e995:zone8:zone_bypass_mode": {
    "class": "org.eclipse.smarthome.core.thing.link.ItemChannelLink",
    "value": {
      "channelUID": {
        "segments": [
          "dscalarm",
          "zone",
          "4d33e995",
          "zone8",
          "zone_bypass_mode"
        ]
      },
      "configuration": {
        "properties": {}
      },
      "itemName": "Zone8_ZoneBypassMode"
    }
  },
  "Zone5_ZoneInAlarm -\u003e dscalarm:zone:4d33e995:zone5:zone_in_alarm": {
    "class": "org.eclipse.smarthome.core.thing.link.ItemChannelLink",
    "value": {
      "channelUID": {
        "segments": [
          "dscalarm",
          "zone",
          "4d33e995",
          "zone5",
          "zone_in_alarm"
        ]
      },
      "configuration": {
        "properties": {}
      },
      "itemName": "Zone5_ZoneInAlarm"
    }
  },
  "BasementDoor_ZoneBypassMode -\u003e dscalarm:zone:4d33e995:zone4:zone_bypass_mode": {
    "class": "org.eclipse.smarthome.core.thing.link.ItemChannelLink",
    "value": {
      "channelUID": {
        "segments": [
          "dscalarm",
          "zone",
          "4d33e995",
          "zone4",
          "zone_bypass_mode"
        ]
      },
      "configuration": {
        "properties": {}
      },
      "itemName": "BasementDoor_ZoneBypassMode"
    }
  },
  "FrontDoor_ZoneMessage -\u003e dscalarm:zone:4d33e995:zone1:zone_message": {
    "class": "org.eclipse.smarthome.core.thing.link.ItemChannelLink",
    "value": {
      "channelUID": {
        "segments": [
          "dscalarm",
          "zone",
          "4d33e995",
          "zone1",
          "zone_message"
        ]
      },
      "configuration": {
        "properties": {}
      },
      "itemName": "FrontDoor_ZoneMessage"
    }
  },
  "DenonAVRX3300W_MainVolume -\u003e denonmarantz:avr:7cf6de0d:mainVolume": {
    "class": "org.eclipse.smarthome.core.thing.link.ItemChannelLink",
    "value": {
      "channelUID": {
        "segments": [
          "denonmarantz",
          "avr",
          "7cf6de0d",
          "mainVolume"
        ]
      },
      "configuration": {
        "properties": {}
      },
      "itemName": "DenonAVRX3300W_MainVolume"
    }
  },
  "BackDoor_ZoneMessage -\u003e dscalarm:zone:4d33e995:zone2:zone_message": {
    "class": "org.eclipse.smarthome.core.thing.link.ItemChannelLink",
    "value": {
      "channelUID": {
        "segments": [
          "dscalarm",
          "zone",
          "4d33e995",
          "zone2",
          "zone_message"
        ]
      },
      "configuration": {
        "properties": {}
      },
      "itemName": "BackDoor_ZoneMessage"
    }
  },
  "Zone8_ZoneMessage1 -\u003e dscalarm:zone:4d33e995:zone8:zone_message": {
    "class": "org.eclipse.smarthome.core.thing.link.ItemChannelLink",
    "value": {
      "channelUID": {
        "segments": [
          "dscalarm",
          "zone",
          "4d33e995",
          "zone8",
          "zone_message"
        ]
      },
      "configuration": {
        "properties": {}
      },
      "itemName": "Zone8_ZoneMessage1"
    }
  },
  "Zone6_ZoneStatus -\u003e dscalarm:zone:4d33e995:zone6:zone_status": {
    "class": "org.eclipse.smarthome.core.thing.link.ItemChannelLink",
    "value": {
      "channelUID": {
        "segments": [
          "dscalarm",
          "zone",
          "4d33e995",
          "zone6",
          "zone_status"
        ]
      },
      "configuration": {
        "properties": {}
      },
      "itemName": "Zone6_ZoneStatus"
    }
  },
  "Zone5_ZoneBypassMode -\u003e dscalarm:zone:4d33e995:zone5:zone_bypass_mode": {
    "class": "org.eclipse.smarthome.core.thing.link.ItemChannelLink",
    "value": {
      "channelUID": {
        "segments": [
          "dscalarm",
          "zone",
          "4d33e995",
          "zone5",
          "zone_bypass_mode"
        ]
      },
      "configuration": {
        "properties": {}
      },
      "itemName": "Zone5_ZoneBypassMode"
    }
  },
  "DenonAVRX3300W_Power -\u003e denonmarantz:avr:7cf6de0d:power": {
    "class": "org.eclipse.smarthome.core.thing.link.ItemChannelLink",
    "value": {
      "channelUID": {
        "segments": [
          "denonmarantz",
          "avr",
          "7cf6de0d",
          "power"
        ]
      },
      "configuration": {
        "properties": {}
      },
      "itemName": "DenonAVRX3300W_Power"
    }
  },
  "Panel_PanelCommand -\u003e dscalarm:panel:4d33e995:panel:panel_command": {
    "class": "org.eclipse.smarthome.core.thing.link.ItemChannelLink",
    "value": {
      "channelUID": {
        "segments": [
          "dscalarm",
          "panel",
          "4d33e995",
          "panel",
          "panel_command"
        ]
      },
      "configuration": {
        "properties": {}
      },
      "itemName": "Panel_PanelCommand"
    }
  },
  "Zone8_ZoneInAlarm -\u003e dscalarm:zone:4d33e995:zone8:zone_in_alarm": {
    "class": "org.eclipse.smarthome.core.thing.link.ItemChannelLink",
    "value": {
      "channelUID": {
        "segments": [
          "dscalarm",
          "zone",
          "4d33e995",
          "zone8",
          "zone_in_alarm"
        ]
      },
      "configuration": {
        "properties": {}
      },
      "itemName": "Zone8_ZoneInAlarm"
    }
  },
  "GarageDoor_ZoneMessage -\u003e dscalarm:zone:4d33e995:zone3:zone_message": {
    "class": "org.eclipse.smarthome.core.thing.link.ItemChannelLink",
    "value": {
      "channelUID": {
        "segments": [
          "dscalarm",
          "zone",
          "4d33e995",
          "zone3",
          "zone_message"
        ]
      },
      "configuration": {
        "properties": {}
      },
      "itemName": "GarageDoor_ZoneMessage"
    }
  },
  "Zone6_ZoneInAlarm -\u003e dscalarm:zone:4d33e995:zone6:zone_in_alarm": {
    "class": "org.eclipse.smarthome.core.thing.link.ItemChannelLink",
    "value": {
      "channelUID": {
        "segments": [
          "dscalarm",
          "zone",
          "4d33e995",
          "zone6",
          "zone_in_alarm"
        ]
      },
      "configuration": {
        "properties": {}
      },
      "itemName": "Zone6_ZoneInAlarm"
    }
  },
  "Zone5_ZoneMessage -\u003e dscalarm:zone:4d33e995:zone5:zone_message": {
    "class": "org.eclipse.smarthome.core.thing.link.ItemChannelLink",
    "value": {
      "channelUID": {
        "segments": [
          "dscalarm",
          "zone",
          "4d33e995",
          "zone5",
          "zone_message"
        ]
      },
      "configuration": {
        "properties": {}
      },
      "itemName": "Zone5_ZoneMessage"
    }
  },
  "DenonAVRX3300W_Mute -\u003e denonmarantz:avr:7cf6de0d:mute": {
    "class": "org.eclipse.smarthome.core.thing.link.ItemChannelLink",
    "value": {
      "channelUID": {
        "segments": [
          "denonmarantz",
          "avr",
          "7cf6de0d",
          "mute"
        ]
      },
      "configuration": {
        "properties": {}
      },
      "itemName": "DenonAVRX3300W_Mute"
    }
  },
  "Zone8_ZoneStatus -\u003e dscalarm:zone:4d33e995:zone8:zone_status": {
    "class": "org.eclipse.smarthome.core.thing.link.ItemChannelLink",
    "value": {
      "channelUID": {
        "segments": [
          "dscalarm",
          "zone",
          "4d33e995",
          "zone8",
          "zone_status"
        ]
      },
      "configuration": {
        "properties": {}
      },
      "itemName": "Zone8_ZoneStatus"
    }
  },
  "Zone9_ZoneBypassMode -\u003e dscalarm:zone:4d33e995:zone9:zone_bypass_mode": {
    "class": "org.eclipse.smarthome.core.thing.link.ItemChannelLink",
    "value": {
      "channelUID": {
        "segments": [
          "dscalarm",
          "zone",
          "4d33e995",
          "zone9",
          "zone_bypass_mode"
        ]
      },
      "configuration": {
        "properties": {}
      },
      "itemName": "Zone9_ZoneBypassMode"
    }
  },
  "Zone9_ZoneStatus -\u003e dscalarm:zone:4d33e995:zone9:zone_status": {
    "class": "org.eclipse.smarthome.core.thing.link.ItemChannelLink",
    "value": {
      "channelUID": {
        "segments": [
          "dscalarm",
          "zone",
          "4d33e995",
          "zone9",
          "zone_status"
        ]
      },
      "configuration": {
        "properties": {}
      },
      "itemName": "Zone9_ZoneStatus"
    }
  },
  "Zone9_ZoneMessage -\u003e dscalarm:zone:4d33e995:zone9:zone_message": {
    "class": "org.eclipse.smarthome.core.thing.link.ItemChannelLink",
    "value": {
      "channelUID": {
        "segments": [
          "dscalarm",
          "zone",
          "4d33e995",
          "zone9",
          "zone_message"
        ]
      },
      "configuration": {
        "properties": {}
      },
      "itemName": "Zone9_ZoneMessage"
    }
  },
  "DenonAVRX3300W_PowerMainZone -\u003e denonmarantz:avr:7cf6de0d:mainZonePower": {
    "class": "org.eclipse.smarthome.core.thing.link.ItemChannelLink",
    "value": {
      "channelUID": {
        "segments": [
          "denonmarantz",
          "avr",
          "7cf6de0d",
          "mainZonePower"
        ]
      },
      "configuration": {
        "properties": {}
      },
      "itemName": "DenonAVRX3300W_PowerMainZone"
    }
  },
  "Panel_PanelMessage1 -\u003e dscalarm:panel:4d33e995:panel:panel_system_error": {
    "class": "org.eclipse.smarthome.core.thing.link.ItemChannelLink",
    "value": {
      "channelUID": {
        "segments": [
          "dscalarm",
          "panel",
          "4d33e995",
          "panel",
          "panel_system_error"
        ]
      },
      "configuration": {
        "properties": {}
      },
      "itemName": "Panel_PanelMessage1"
    }
  },
  "Zone7_ZoneMessage -\u003e dscalarm:zone:4d33e995:zone7:zone_message": {
    "class": "org.eclipse.smarthome.core.thing.link.ItemChannelLink",
    "value": {
      "channelUID": {
        "segments": [
          "dscalarm",
          "zone",
          "4d33e995",
          "zone7",
          "zone_message"
        ]
      },
      "configuration": {
        "properties": {}
      },
      "itemName": "Zone7_ZoneMessage"
    }
  },
  "Zone7_ZoneBypassMode -\u003e dscalarm:zone:4d33e995:zone7:zone_bypass_mode": {
    "class": "org.eclipse.smarthome.core.thing.link.ItemChannelLink",
    "value": {
      "channelUID": {
        "segments": [
          "dscalarm",
          "zone",
          "4d33e995",
          "zone7",
          "zone_bypass_mode"
        ]
      },
      "configuration": {
        "properties": {}
      },
      "itemName": "Zone7_ZoneBypassMode"
    }
  }
}