{
  "dscalarm:zone:4d33e995:zone63": {
    "class": "org.eclipse.smarthome.config.discovery.internal.DiscoveryResultImpl",
    "value": {
      "bridgeUID": {
        "segments": [
          "dscalarm",
          "envisalink",
          "4d33e995"
        ]
      },
      "thingUID": {
        "segments": [
          "dscalarm",
          "zone",
          "4d33e995",
          "zone63"
        ]
      },
      "thingTypeUID": {
        "segments": [
          "dscalarm",
          "zone"
        ]
      },
      "properties": {
        "zoneNumber": 63.0
      },
      "flag": "IGNORED",
      "label": "Zone 63",
      "timestamp": 1516519021302,
      "timeToLive": -1
    }
  },
  "dscalarm:zone:4d33e995:zone64": {
    "class": "org.eclipse.smarthome.config.discovery.internal.DiscoveryResultImpl",
    "value": {
      "bridgeUID": {
        "segments": [
          "dscalarm",
          "envisalink",
          "4d33e995"
        ]
      },
      "thingUID": {
        "segments": [
          "dscalarm",
          "zone",
          "4d33e995",
          "zone64"
        ]
      },
      "thingTypeUID": {
        "segments": [
          "dscalarm",
          "zone"
        ]
      },
      "properties": {
        "zoneNumber": 64.0
      },
      "flag": "IGNORED",
      "label": "Zone 64",
      "timestamp": 1516519021314,
      "timeToLive": -1
    }
  },
  "dscalarm:zone:4d33e995:zone61": {
    "class": "org.eclipse.smarthome.config.discovery.internal.DiscoveryResultImpl",
    "value": {
      "bridgeUID": {
        "segments": [
          "dscalarm",
          "envisalink",
          "4d33e995"
        ]
      },
      "thingUID": {
        "segments": [
          "dscalarm",
          "zone",
          "4d33e995",
          "zone61"
        ]
      },
      "thingTypeUID": {
        "segments": [
          "dscalarm",
          "zone"
        ]
      },
      "properties": {
        "zoneNumber": 61.0
      },
      "flag": "IGNORED",
      "label": "Zone 61",
      "timestamp": 1516519021278,
      "timeToLive": -1
    }
  },
  "dscalarm:zone:4d33e995:zone62": {
    "class": "org.eclipse.smarthome.config.discovery.internal.DiscoveryResultImpl",
    "value": {
      "bridgeUID": {
        "segments": [
          "dscalarm",
          "envisalink",
          "4d33e995"
        ]
      },
      "thingUID": {
        "segments": [
          "dscalarm",
          "zone",
          "4d33e995",
          "zone62"
        ]
      },
      "thingTypeUID": {
        "segments": [
          "dscalarm",
          "zone"
        ]
      },
      "properties": {
        "zoneNumber": 62.0
      },
      "flag": "IGNORED",
      "label": "Zone 62",
      "timestamp": 1516519021290,
      "timeToLive": -1
    }
  },
  "dscalarm:zone:4d33e995:zone60": {
    "class": "org.eclipse.smarthome.config.discovery.internal.DiscoveryResultImpl",
    "value": {
      "bridgeUID": {
        "segments": [
          "dscalarm",
          "envisalink",
          "4d33e995"
        ]
      },
      "thingUID": {
        "segments": [
          "dscalarm",
          "zone",
          "4d33e995",
          "zone60"
        ]
      },
      "thingTypeUID": {
        "segments": [
          "dscalarm",
          "zone"
        ]
      },
      "properties": {
        "zoneNumber": 60.0
      },
      "flag": "IGNORED",
      "label": "Zone 60",
      "timestamp": 1516519021266,
      "timeToLive": -1
    }
  },
  "dscalarm:zone:4d33e995:zone58": {
    "class": "org.eclipse.smarthome.config.discovery.internal.DiscoveryResultImpl",
    "value": {
      "bridgeUID": {
        "segments": [
          "dscalarm",
          "envisalink",
          "4d33e995"
        ]
      },
      "thingUID": {
        "segments": [
          "dscalarm",
          "zone",
          "4d33e995",
          "zone58"
        ]
      },
      "thingTypeUID": {
        "segments": [
          "dscalarm",
          "zone"
        ]
      },
      "properties": {
        "zoneNumber": 58
      },
      "flag": "IGNORED",
      "label": "Zone 58",
      "timestamp": 1516519021241,
      "timeToLive": -1
    }
  },
  "dscalarm:zone:4d33e995:zone59": {
    "class": "org.eclipse.smarthome.config.discovery.internal.DiscoveryResultImpl",
    "value": {
      "bridgeUID": {
        "segments": [
          "dscalarm",
          "envisalink",
          "4d33e995"
        ]
      },
      "thingUID": {
        "segments": [
          "dscalarm",
          "zone",
          "4d33e995",
          "zone59"
        ]
      },
      "thingTypeUID": {
        "segments": [
          "dscalarm",
          "zone"
        ]
      },
      "properties": {
        "zoneNumber": 59
      },
      "flag": "IGNORED",
      "label": "Zone 59",
      "timestamp": 1516519021253,
      "timeToLive": -1
    }
  },
  "dscalarm:zone:4d33e995:zone56": {
    "class": "org.eclipse.smarthome.config.discovery.internal.DiscoveryResultImpl",
    "value": {
      "bridgeUID": {
        "segments": [
          "dscalarm",
          "envisalink",
          "4d33e995"
        ]
      },
      "thingUID": {
        "segments": [
          "dscalarm",
          "zone",
          "4d33e995",
          "zone56"
        ]
      },
      "thingTypeUID": {
        "segments": [
          "dscalarm",
          "zone"
        ]
      },
      "properties": {
        "zoneNumber": 56
      },
      "flag": "IGNORED",
      "label": "Zone 56",
      "timestamp": 1516519021217,
      "timeToLive": -1
    }
  },
  "dscalarm:zone:4d33e995:zone57": {
    "class": "org.eclipse.smarthome.config.discovery.internal.DiscoveryResultImpl",
    "value": {
      "bridgeUID": {
        "segments": [
          "dscalarm",
          "envisalink",
          "4d33e995"
        ]
      },
      "thingUID": {
        "segments": [
          "dscalarm",
          "zone",
          "4d33e995",
          "zone57"
        ]
      },
      "thingTypeUID": {
        "segments": [
          "dscalarm",
          "zone"
        ]
      },
      "properties": {
        "zoneNumber": 57
      },
      "flag": "IGNORED",
      "label": "Zone 57",
      "timestamp": 1516519021229,
      "timeToLive": -1
    }
  },
  "dscalarm:zone:4d33e995:zone54": {
    "class": "org.eclipse.smarthome.config.discovery.internal.DiscoveryResultImpl",
    "value": {
      "bridgeUID": {
        "segments": [
          "dscalarm",
          "envisalink",
          "4d33e995"
        ]
      },
      "thingUID": {
        "segments": [
          "dscalarm",
          "zone",
          "4d33e995",
          "zone54"
        ]
      },
      "thingTypeUID": {
        "segments": [
          "dscalarm",
          "zone"
        ]
      },
      "properties": {
        "zoneNumber": 54
      },
      "flag": "IGNORED",
      "label": "Zone 54",
      "timestamp": 1516519021120,
      "timeToLive": -1
    }
  },
  "dscalarm:zone:4d33e995:zone55": {
    "class": "org.eclipse.smarthome.config.discovery.internal.DiscoveryResultImpl",
    "value": {
      "bridgeUID": {
        "segments": [
          "dscalarm",
          "envisalink",
          "4d33e995"
        ]
      },
      "thingUID": {
        "segments": [
          "dscalarm",
          "zone",
          "4d33e995",
          "zone55"
        ]
      },
      "thingTypeUID": {
        "segments": [
          "dscalarm",
          "zone"
        ]
      },
      "properties": {
        "zoneNumber": 55
      },
      "flag": "IGNORED",
      "label": "Zone 55",
      "timestamp": 1516519021133,
      "timeToLive": -1
    }
  },
  "dscalarm:zone:4d33e995:zone52": {
    "class": "org.eclipse.smarthome.config.discovery.internal.DiscoveryResultImpl",
    "value": {
      "bridgeUID": {
        "segments": [
          "dscalarm",
          "envisalink",
          "4d33e995"
        ]
      },
      "thingUID": {
        "segments": [
          "dscalarm",
          "zone",
          "4d33e995",
          "zone52"
        ]
      },
      "thingTypeUID": {
        "segments": [
          "dscalarm",
          "zone"
        ]
      },
      "properties": {
        "zoneNumber": 52
      },
      "flag": "IGNORED",
      "label": "Zone 52",
      "timestamp": 1516519021095,
      "timeToLive": -1
    }
  },
  "dscalarm:zone:4d33e995:zone53": {
    "class": "org.eclipse.smarthome.config.discovery.internal.DiscoveryResultImpl",
    "value": {
      "bridgeUID": {
        "segments": [
          "dscalarm",
          "envisalink",
          "4d33e995"
        ]
      },
      "thingUID": {
        "segments": [
          "dscalarm",
          "zone",
          "4d33e995",
          "zone53"
        ]
      },
      "thingTypeUID": {
        "segments": [
          "dscalarm",
          "zone"
        ]
      },
      "properties": {
        "zoneNumber": 53
      },
      "flag": "IGNORED",
      "label": "Zone 53",
      "timestamp": 1516519021107,
      "timeToLive": -1
    }
  },
  "dscalarm:zone:4d33e995:zone50": {
    "class": "org.eclipse.smarthome.config.discovery.internal.DiscoveryResultImpl",
    "value": {
      "bridgeUID": {
        "segments": [
          "dscalarm",
          "envisalink",
          "4d33e995"
        ]
      },
      "thingUID": {
        "segments": [
          "dscalarm",
          "zone",
          "4d33e995",
          "zone50"
        ]
      },
      "thingTypeUID": {
        "segments": [
          "dscalarm",
          "zone"
        ]
      },
      "properties": {
        "zoneNumber": 50
      },
      "flag": "IGNORED",
      "label": "Zone 50",
      "timestamp": 1516519021070,
      "timeToLive": -1
    }
  },
  "dscalarm:zone:4d33e995:zone51": {
    "class": "org.eclipse.smarthome.config.discovery.internal.DiscoveryResultImpl",
    "value": {
      "bridgeUID": {
        "segments": [
          "dscalarm",
          "envisalink",
          "4d33e995"
        ]
      },
      "thingUID": {
        "segments": [
          "dscalarm",
          "zone",
          "4d33e995",
          "zone51"
        ]
      },
      "thingTypeUID": {
        "segments": [
          "dscalarm",
          "zone"
        ]
      },
      "properties": {
        "zoneNumber": 51
      },
      "flag": "IGNORED",
      "label": "Zone 51",
      "timestamp": 1516519021083,
      "timeToLive": -1
    }
  },
  "dscalarm:zone:4d33e995:zone49": {
    "class": "org.eclipse.smarthome.config.discovery.internal.DiscoveryResultImpl",
    "value": {
      "bridgeUID": {
        "segments": [
          "dscalarm",
          "envisalink",
          "4d33e995"
        ]
      },
      "thingUID": {
        "segments": [
          "dscalarm",
          "zone",
          "4d33e995",
          "zone49"
        ]
      },
      "thingTypeUID": {
        "segments": [
          "dscalarm",
          "zone"
        ]
      },
      "properties": {
        "zoneNumber": 49
      },
      "flag": "IGNORED",
      "label": "Zone 49",
      "timestamp": 1516519021057,
      "timeToLive": -1
    }
  },
  "dscalarm:zone:4d33e995:zone47": {
    "class": "org.eclipse.smarthome.config.discovery.internal.DiscoveryResultImpl",
    "value": {
      "bridgeUID": {
        "segments": [
          "dscalarm",
          "envisalink",
          "4d33e995"
        ]
      },
      "thingUID": {
        "segments": [
          "dscalarm",
          "zone",
          "4d33e995",
          "zone47"
        ]
      },
      "thingTypeUID": {
        "segments": [
          "dscalarm",
          "zone"
        ]
      },
      "properties": {
        "zoneNumber": 47
      },
      "flag": "IGNORED",
      "label": "Zone 47",
      "timestamp": 1516519020862,
      "timeToLive": -1
    }
  },
  "dscalarm:zone:4d33e995:zone48": {
    "class": "org.eclipse.smarthome.config.discovery.internal.DiscoveryResultImpl",
    "value": {
      "bridgeUID": {
        "segments": [
          "dscalarm",
          "envisalink",
          "4d33e995"
        ]
      },
      "thingUID": {
        "segments": [
          "dscalarm",
          "zone",
          "4d33e995",
          "zone48"
        ]
      },
      "thingTypeUID": {
        "segments": [
          "dscalarm",
          "zone"
        ]
      },
      "properties": {
        "zoneNumber": 48
      },
      "flag": "IGNORED",
      "label": "Zone 48",
      "timestamp": 1516519021045,
      "timeToLive": -1
    }
  },
  "dscalarm:zone:4d33e995:zone45": {
    "class": "org.eclipse.smarthome.config.discovery.internal.DiscoveryResultImpl",
    "value": {
      "bridgeUID": {
        "segments": [
          "dscalarm",
          "envisalink",
          "4d33e995"
        ]
      },
      "thingUID": {
        "segments": [
          "dscalarm",
          "zone",
          "4d33e995",
          "zone45"
        ]
      },
      "thingTypeUID": {
        "segments": [
          "dscalarm",
          "zone"
        ]
      },
      "properties": {
        "zoneNumber": 45
      },
      "flag": "IGNORED",
      "label": "Zone 45",
      "timestamp": 1516519020837,
      "timeToLive": -1
    }
  },
  "dscalarm:zone:4d33e995:zone46": {
    "class": "org.eclipse.smarthome.config.discovery.internal.DiscoveryResultImpl",
    "value": {
      "bridgeUID": {
        "segments": [
          "dscalarm",
          "envisalink",
          "4d33e995"
        ]
      },
      "thingUID": {
        "segments": [
          "dscalarm",
          "zone",
          "4d33e995",
          "zone46"
        ]
      },
      "thingTypeUID": {
        "segments": [
          "dscalarm",
          "zone"
        ]
      },
      "properties": {
        "zoneNumber": 46
      },
      "flag": "IGNORED",
      "label": "Zone 46",
      "timestamp": 1516519020849,
      "timeToLive": -1
    }
  },
  "dscalarm:zone:4d33e995:zone43": {
    "class": "org.eclipse.smarthome.config.discovery.internal.DiscoveryResultImpl",
    "value": {
      "bridgeUID": {
        "segments": [
          "dscalarm",
          "envisalink",
          "4d33e995"
        ]
      },
      "thingUID": {
        "segments": [
          "dscalarm",
          "zone",
          "4d33e995",
          "zone43"
        ]
      },
      "thingTypeUID": {
        "segments": [
          "dscalarm",
          "zone"
        ]
      },
      "properties": {
        "zoneNumber": 43
      },
      "flag": "IGNORED",
      "label": "Zone 43",
      "timestamp": 1516519020813,
      "timeToLive": -1
    }
  },
  "dscalarm:zone:4d33e995:zone44": {
    "class": "org.eclipse.smarthome.config.discovery.internal.DiscoveryResultImpl",
    "value": {
      "bridgeUID": {
        "segments": [
          "dscalarm",
          "envisalink",
          "4d33e995"
        ]
      },
      "thingUID": {
        "segments": [
          "dscalarm",
          "zone",
          "4d33e995",
          "zone44"
        ]
      },
      "thingTypeUID": {
        "segments": [
          "dscalarm",
          "zone"
        ]
      },
      "properties": {
        "zoneNumber": 44
      },
      "flag": "IGNORED",
      "label": "Zone 44",
      "timestamp": 1516519020825,
      "timeToLive": -1
    }
  },
  "dscalarm:zone:4d33e995:zone41": {
    "class": "org.eclipse.smarthome.config.discovery.internal.DiscoveryResultImpl",
    "value": {
      "bridgeUID": {
        "segments": [
          "dscalarm",
          "envisalink",
          "4d33e995"
        ]
      },
      "thingUID": {
        "segments": [
          "dscalarm",
          "zone",
          "4d33e995",
          "zone41"
        ]
      },
      "thingTypeUID": {
        "segments": [
          "dscalarm",
          "zone"
        ]
      },
      "properties": {
        "zoneNumber": 41
      },
      "flag": "IGNORED",
      "label": "Zone 41",
      "timestamp": 1516519020788,
      "timeToLive": -1
    }
  },
  "dscalarm:zone:4d33e995:zone42": {
    "class": "org.eclipse.smarthome.config.discovery.internal.DiscoveryResultImpl",
    "value": {
      "bridgeUID": {
        "segments": [
          "dscalarm",
          "envisalink",
          "4d33e995"
        ]
      },
      "thingUID": {
        "segments": [
          "dscalarm",
          "zone",
          "4d33e995",
          "zone42"
        ]
      },
      "thingTypeUID": {
        "segments": [
          "dscalarm",
          "zone"
        ]
      },
      "properties": {
        "zoneNumber": 42
      },
      "flag": "IGNORED",
      "label": "Zone 42",
      "timestamp": 1516519020800,
      "timeToLive": -1
    }
  },
  "dscalarm:zone:4d33e995:zone40": {
    "class": "org.eclipse.smarthome.config.discovery.internal.DiscoveryResultImpl",
    "value": {
      "bridgeUID": {
        "segments": [
          "dscalarm",
          "envisalink",
          "4d33e995"
        ]
      },
      "thingUID": {
        "segments": [
          "dscalarm",
          "zone",
          "4d33e995",
          "zone40"
        ]
      },
      "thingTypeUID": {
        "segments": [
          "dscalarm",
          "zone"
        ]
      },
      "properties": {
        "zoneNumber": 40
      },
      "flag": "IGNORED",
      "label": "Zone 40",
      "timestamp": 1516519020776,
      "timeToLive": -1
    }
  },
  "dscalarm:zone:4d33e995:zone38": {
    "class": "org.eclipse.smarthome.config.discovery.internal.DiscoveryResultImpl",
    "value": {
      "bridgeUID": {
        "segments": [
          "dscalarm",
          "envisalink",
          "4d33e995"
        ]
      },
      "thingUID": {
        "segments": [
          "dscalarm",
          "zone",
          "4d33e995",
          "zone38"
        ]
      },
      "thingTypeUID": {
        "segments": [
          "dscalarm",
          "zone"
        ]
      },
      "properties": {
        "zoneNumber": 38
      },
      "flag": "IGNORED",
      "label": "Zone 38",
      "timestamp": 1516519020752,
      "timeToLive": -1
    }
  },
  "dscalarm:zone:4d33e995:zone39": {
    "class": "org.eclipse.smarthome.config.discovery.internal.DiscoveryResultImpl",
    "value": {
      "bridgeUID": {
        "segments": [
          "dscalarm",
          "envisalink",
          "4d33e995"
        ]
      },
      "thingUID": {
        "segments": [
          "dscalarm",
          "zone",
          "4d33e995",
          "zone39"
        ]
      },
      "thingTypeUID": {
        "segments": [
          "dscalarm",
          "zone"
        ]
      },
      "properties": {
        "zoneNumber": 39
      },
      "flag": "IGNORED",
      "label": "Zone 39",
      "timestamp": 1516519020764,
      "timeToLive": -1
    }
  },
  "dscalarm:zone:4d33e995:zone36": {
    "class": "org.eclipse.smarthome.config.discovery.internal.DiscoveryResultImpl",
    "value": {
      "bridgeUID": {
        "segments": [
          "dscalarm",
          "envisalink",
          "4d33e995"
        ]
      },
      "thingUID": {
        "segments": [
          "dscalarm",
          "zone",
          "4d33e995",
          "zone36"
        ]
      },
      "thingTypeUID": {
        "segments": [
          "dscalarm",
          "zone"
        ]
      },
      "properties": {
        "zoneNumber": 36
      },
      "flag": "IGNORED",
      "label": "Zone 36",
      "timestamp": 1516519020727,
      "timeToLive": -1
    }
  },
  "dscalarm:zone:4d33e995:zone37": {
    "class": "org.eclipse.smarthome.config.discovery.internal.DiscoveryResultImpl",
    "value": {
      "bridgeUID": {
        "segments": [
          "dscalarm",
          "envisalink",
          "4d33e995"
        ]
      },
      "thingUID": {
        "segments": [
          "dscalarm",
          "zone",
          "4d33e995",
          "zone37"
        ]
      },
      "thingTypeUID": {
        "segments": [
          "dscalarm",
          "zone"
        ]
      },
      "properties": {
        "zoneNumber": 37
      },
      "flag": "IGNORED",
      "label": "Zone 37",
      "timestamp": 1516519020739,
      "timeToLive": -1
    }
  },
  "dscalarm:zone:4d33e995:zone34": {
    "class": "org.eclipse.smarthome.config.discovery.internal.DiscoveryResultImpl",
    "value": {
      "bridgeUID": {
        "segments": [
          "dscalarm",
          "envisalink",
          "4d33e995"
        ]
      },
      "thingUID": {
        "segments": [
          "dscalarm",
          "zone",
          "4d33e995",
          "zone34"
        ]
      },
      "thingTypeUID": {
        "segments": [
          "dscalarm",
          "zone"
        ]
      },
      "properties": {
        "zoneNumber": 34
      },
      "flag": "IGNORED",
      "label": "Zone 34",
      "timestamp": 1516519020702,
      "timeToLive": -1
    }
  },
  "dscalarm:zone:4d33e995:zone35": {
    "class": "org.eclipse.smarthome.config.discovery.internal.DiscoveryResultImpl",
    "value": {
      "bridgeUID": {
        "segments": [
          "dscalarm",
          "envisalink",
          "4d33e995"
        ]
      },
      "thingUID": {
        "segments": [
          "dscalarm",
          "zone",
          "4d33e995",
          "zone35"
        ]
      },
      "thingTypeUID": {
        "segments": [
          "dscalarm",
          "zone"
        ]
      },
      "properties": {
        "zoneNumber": 35
      },
      "flag": "IGNORED",
      "label": "Zone 35",
      "timestamp": 1516519020715,
      "timeToLive": -1
    }
  },
  "dscalarm:zone:4d33e995:zone32": {
    "class": "org.eclipse.smarthome.config.discovery.internal.DiscoveryResultImpl",
    "value": {
      "bridgeUID": {
        "segments": [
          "dscalarm",
          "envisalink",
          "4d33e995"
        ]
      },
      "thingUID": {
        "segments": [
          "dscalarm",
          "zone",
          "4d33e995",
          "zone32"
        ]
      },
      "thingTypeUID": {
        "segments": [
          "dscalarm",
          "zone"
        ]
      },
      "properties": {
        "zoneNumber": 32
      },
      "flag": "IGNORED",
      "label": "Zone 32",
      "timestamp": 1516519020676,
      "timeToLive": -1
    }
  },
  "dscalarm:zone:4d33e995:zone33": {
    "class": "org.eclipse.smarthome.config.discovery.internal.DiscoveryResultImpl",
    "value": {
      "bridgeUID": {
        "segments": [
          "dscalarm",
          "envisalink",
          "4d33e995"
        ]
      },
      "thingUID": {
        "segments": [
          "dscalarm",
          "zone",
          "4d33e995",
          "zone33"
        ]
      },
      "thingTypeUID": {
        "segments": [
          "dscalarm",
          "zone"
        ]
      },
      "properties": {
        "zoneNumber": 33
      },
      "flag": "IGNORED",
      "label": "Zone 33",
      "timestamp": 1516519020689,
      "timeToLive": -1
    }
  },
  "dscalarm:zone:4d33e995:zone30": {
    "class": "org.eclipse.smarthome.config.discovery.internal.DiscoveryResultImpl",
    "value": {
      "bridgeUID": {
        "segments": [
          "dscalarm",
          "envisalink",
          "4d33e995"
        ]
      },
      "thingUID": {
        "segments": [
          "dscalarm",
          "zone",
          "4d33e995",
          "zone30"
        ]
      },
      "thingTypeUID": {
        "segments": [
          "dscalarm",
          "zone"
        ]
      },
      "properties": {
        "zoneNumber": 30
      },
      "flag": "IGNORED",
      "label": "Zone 30",
      "timestamp": 1516519020650,
      "timeToLive": -1
    }
  },
  "dscalarm:zone:4d33e995:zone31": {
    "class": "org.eclipse.smarthome.config.discovery.internal.DiscoveryResultImpl",
    "value": {
      "bridgeUID": {
        "segments": [
          "dscalarm",
          "envisalink",
          "4d33e995"
        ]
      },
      "thingUID": {
        "segments": [
          "dscalarm",
          "zone",
          "4d33e995",
          "zone31"
        ]
      },
      "thingTypeUID": {
        "segments": [
          "dscalarm",
          "zone"
        ]
      },
      "properties": {
        "zoneNumber": 31
      },
      "flag": "IGNORED",
      "label": "Zone 31",
      "timestamp": 1516519020663,
      "timeToLive": -1
    }
  },
  "dscalarm:zone:4d33e995:zone29": {
    "class": "org.eclipse.smarthome.config.discovery.internal.DiscoveryResultImpl",
    "value": {
      "bridgeUID": {
        "segments": [
          "dscalarm",
          "envisalink",
          "4d33e995"
        ]
      },
      "thingUID": {
        "segments": [
          "dscalarm",
          "zone",
          "4d33e995",
          "zone29"
        ]
      },
      "thingTypeUID": {
        "segments": [
          "dscalarm",
          "zone"
        ]
      },
      "properties": {
        "zoneNumber": 29
      },
      "flag": "IGNORED",
      "label": "Zone 29",
      "timestamp": 1516519020638,
      "timeToLive": -1
    }
  },
  "dscalarm:zone:4d33e995:zone27": {
    "class": "org.eclipse.smarthome.config.discovery.internal.DiscoveryResultImpl",
    "value": {
      "bridgeUID": {
        "segments": [
          "dscalarm",
          "envisalink",
          "4d33e995"
        ]
      },
      "thingUID": {
        "segments": [
          "dscalarm",
          "zone",
          "4d33e995",
          "zone27"
        ]
      },
      "thingTypeUID": {
        "segments": [
          "dscalarm",
          "zone"
        ]
      },
      "properties": {
        "zoneNumber": 27
      },
      "flag": "IGNORED",
      "label": "Zone 27",
      "timestamp": 1516519020603,
      "timeToLive": -1
    }
  },
  "dscalarm:zone:4d33e995:zone28": {
    "class": "org.eclipse.smarthome.config.discovery.internal.DiscoveryResultImpl",
    "value": {
      "bridgeUID": {
        "segments": [
          "dscalarm",
          "envisalink",
          "4d33e995"
        ]
      },
      "thingUID": {
        "segments": [
          "dscalarm",
          "zone",
          "4d33e995",
          "zone28"
        ]
      },
      "thingTypeUID": {
        "segments": [
          "dscalarm",
          "zone"
        ]
      },
      "properties": {
        "zoneNumber": 28
      },
      "flag": "IGNORED",
      "label": "Zone 28",
      "timestamp": 1516519020625,
      "timeToLive": -1
    }
  },
  "dscalarm:zone:4d33e995:zone25": {
    "class": "org.eclipse.smarthome.config.discovery.internal.DiscoveryResultImpl",
    "value": {
      "bridgeUID": {
        "segments": [
          "dscalarm",
          "envisalink",
          "4d33e995"
        ]
      },
      "thingUID": {
        "segments": [
          "dscalarm",
          "zone",
          "4d33e995",
          "zone25"
        ]
      },
      "thingTypeUID": {
        "segments": [
          "dscalarm",
          "zone"
        ]
      },
      "properties": {
        "zoneNumber": 25
      },
      "flag": "IGNORED",
      "label": "Zone 25",
      "timestamp": 1516519020551,
      "timeToLive": -1
    }
  },
  "dscalarm:zone:4d33e995:zone26": {
    "class": "org.eclipse.smarthome.config.discovery.internal.DiscoveryResultImpl",
    "value": {
      "bridgeUID": {
        "segments": [
          "dscalarm",
          "envisalink",
          "4d33e995"
        ]
      },
      "thingUID": {
        "segments": [
          "dscalarm",
          "zone",
          "4d33e995",
          "zone26"
        ]
      },
      "thingTypeUID": {
        "segments": [
          "dscalarm",
          "zone"
        ]
      },
      "properties": {
        "zoneNumber": 26
      },
      "flag": "IGNORED",
      "label": "Zone 26",
      "timestamp": 1516519020579,
      "timeToLive": -1
    }
  },
  "dscalarm:zone:4d33e995:zone23": {
    "class": "org.eclipse.smarthome.config.discovery.internal.DiscoveryResultImpl",
    "value": {
      "bridgeUID": {
        "segments": [
          "dscalarm",
          "envisalink",
          "4d33e995"
        ]
      },
      "thingUID": {
        "segments": [
          "dscalarm",
          "zone",
          "4d33e995",
          "zone23"
        ]
      },
      "thingTypeUID": {
        "segments": [
          "dscalarm",
          "zone"
        ]
      },
      "properties": {
        "zoneNumber": 23
      },
      "flag": "IGNORED",
      "label": "Zone 23",
      "timestamp": 1516519019824,
      "timeToLive": -1
    }
  },
  "dscalarm:zone:4d33e995:zone24": {
    "class": "org.eclipse.smarthome.config.discovery.internal.DiscoveryResultImpl",
    "value": {
      "bridgeUID": {
        "segments": [
          "dscalarm",
          "envisalink",
          "4d33e995"
        ]
      },
      "thingUID": {
        "segments": [
          "dscalarm",
          "zone",
          "4d33e995",
          "zone24"
        ]
      },
      "thingTypeUID": {
        "segments": [
          "dscalarm",
          "zone"
        ]
      },
      "properties": {
        "zoneNumber": 24
      },
      "flag": "IGNORED",
      "label": "Zone 24",
      "timestamp": 1516519020546,
      "timeToLive": -1
    }
  },
  "dscalarm:zone:4d33e995:zone21": {
    "class": "org.eclipse.smarthome.config.discovery.internal.DiscoveryResultImpl",
    "value": {
      "bridgeUID": {
        "segments": [
          "dscalarm",
          "envisalink",
          "4d33e995"
        ]
      },
      "thingUID": {
        "segments": [
          "dscalarm",
          "zone",
          "4d33e995",
          "zone21"
        ]
      },
      "thingTypeUID": {
        "segments": [
          "dscalarm",
          "zone"
        ]
      },
      "properties": {
        "zoneNumber": 21
      },
      "flag": "IGNORED",
      "label": "Zone 21",
      "timestamp": 1516519019797,
      "timeToLive": -1
    }
  },
  "dscalarm:zone:4d33e995:zone22": {
    "class": "org.eclipse.smarthome.config.discovery.internal.DiscoveryResultImpl",
    "value": {
      "bridgeUID": {
        "segments": [
          "dscalarm",
          "envisalink",
          "4d33e995"
        ]
      },
      "thingUID": {
        "segments": [
          "dscalarm",
          "zone",
          "4d33e995",
          "zone22"
        ]
      },
      "thingTypeUID": {
        "segments": [
          "dscalarm",
          "zone"
        ]
      },
      "properties": {
        "zoneNumber": 22
      },
      "flag": "IGNORED",
      "label": "Zone 22",
      "timestamp": 1516519019811,
      "timeToLive": -1
    }
  },
  "dscalarm:zone:4d33e995:zone20": {
    "class": "org.eclipse.smarthome.config.discovery.internal.DiscoveryResultImpl",
    "value": {
      "bridgeUID": {
        "segments": [
          "dscalarm",
          "envisalink",
          "4d33e995"
        ]
      },
      "thingUID": {
        "segments": [
          "dscalarm",
          "zone",
          "4d33e995",
          "zone20"
        ]
      },
      "thingTypeUID": {
        "segments": [
          "dscalarm",
          "zone"
        ]
      },
      "properties": {
        "zoneNumber": 20
      },
      "flag": "IGNORED",
      "label": "Zone 20",
      "timestamp": 1516519019784,
      "timeToLive": -1
    }
  },
  "dscalarm:zone:4d33e995:zone18": {
    "class": "org.eclipse.smarthome.config.discovery.internal.DiscoveryResultImpl",
    "value": {
      "bridgeUID": {
        "segments": [
          "dscalarm",
          "envisalink",
          "4d33e995"
        ]
      },
      "thingUID": {
        "segments": [
          "dscalarm",
          "zone",
          "4d33e995",
          "zone18"
        ]
      },
      "thingTypeUID": {
        "segments": [
          "dscalarm",
          "zone"
        ]
      },
      "properties": {
        "zoneNumber": 18
      },
      "flag": "IGNORED",
      "label": "Zone 18",
      "timestamp": 1516519019757,
      "timeToLive": -1
    }
  },
  "dscalarm:zone:4d33e995:zone19": {
    "class": "org.eclipse.smarthome.config.discovery.internal.DiscoveryResultImpl",
    "value": {
      "bridgeUID": {
        "segments": [
          "dscalarm",
          "envisalink",
          "4d33e995"
        ]
      },
      "thingUID": {
        "segments": [
          "dscalarm",
          "zone",
          "4d33e995",
          "zone19"
        ]
      },
      "thingTypeUID": {
        "segments": [
          "dscalarm",
          "zone"
        ]
      },
      "properties": {
        "zoneNumber": 19
      },
      "flag": "IGNORED",
      "label": "Zone 19",
      "timestamp": 1516519019771,
      "timeToLive": -1
    }
  },
  "dscalarm:zone:4d33e995:zone16": {
    "class": "org.eclipse.smarthome.config.discovery.internal.DiscoveryResultImpl",
    "value": {
      "bridgeUID": {
        "segments": [
          "dscalarm",
          "envisalink",
          "4d33e995"
        ]
      },
      "thingUID": {
        "segments": [
          "dscalarm",
          "zone",
          "4d33e995",
          "zone16"
        ]
      },
      "thingTypeUID": {
        "segments": [
          "dscalarm",
          "zone"
        ]
      },
      "properties": {
        "zoneNumber": 16
      },
      "flag": "IGNORED",
      "label": "Zone 16",
      "timestamp": 1516519019731,
      "timeToLive": -1
    }
  },
  "dscalarm:zone:4d33e995:zone17": {
    "class": "org.eclipse.smarthome.config.discovery.internal.DiscoveryResultImpl",
    "value": {
      "bridgeUID": {
        "segments": [
          "dscalarm",
          "envisalink",
          "4d33e995"
        ]
      },
      "thingUID": {
        "segments": [
          "dscalarm",
          "zone",
          "4d33e995",
          "zone17"
        ]
      },
      "thingTypeUID": {
        "segments": [
          "dscalarm",
          "zone"
        ]
      },
      "properties": {
        "zoneNumber": 17
      },
      "flag": "IGNORED",
      "label": "Zone 17",
      "timestamp": 1516519019745,
      "timeToLive": -1
    }
  },
  "dscalarm:zone:4d33e995:zone14": {
    "class": "org.eclipse.smarthome.config.discovery.internal.DiscoveryResultImpl",
    "value": {
      "bridgeUID": {
        "segments": [
          "dscalarm",
          "envisalink",
          "4d33e995"
        ]
      },
      "thingUID": {
        "segments": [
          "dscalarm",
          "zone",
          "4d33e995",
          "zone14"
        ]
      },
      "thingTypeUID": {
        "segments": [
          "dscalarm",
          "zone"
        ]
      },
      "properties": {
        "zoneNumber": 14
      },
      "flag": "IGNORED",
      "label": "Zone 14",
      "timestamp": 1516519019704,
      "timeToLive": -1
    }
  },
  "dscalarm:zone:4d33e995:zone15": {
    "class": "org.eclipse.smarthome.config.discovery.internal.DiscoveryResultImpl",
    "value": {
      "bridgeUID": {
        "segments": [
          "dscalarm",
          "envisalink",
          "4d33e995"
        ]
      },
      "thingUID": {
        "segments": [
          "dscalarm",
          "zone",
          "4d33e995",
          "zone15"
        ]
      },
      "thingTypeUID": {
        "segments": [
          "dscalarm",
          "zone"
        ]
      },
      "properties": {
        "zoneNumber": 15
      },
      "flag": "IGNORED",
      "label": "Zone 15",
      "timestamp": 1516519019717,
      "timeToLive": -1
    }
  },
  "dscalarm:zone:4d33e995:zone12": {
    "class": "org.eclipse.smarthome.config.discovery.internal.DiscoveryResultImpl",
    "value": {
      "bridgeUID": {
        "segments": [
          "dscalarm",
          "envisalink",
          "4d33e995"
        ]
      },
      "thingUID": {
        "segments": [
          "dscalarm",
          "zone",
          "4d33e995",
          "zone12"
        ]
      },
      "thingTypeUID": {
        "segments": [
          "dscalarm",
          "zone"
        ]
      },
      "properties": {
        "zoneNumber": 12
      },
      "flag": "IGNORED",
      "label": "Zone 12",
      "timestamp": 1516519019672,
      "timeToLive": -1
    }
  },
  "dscalarm:zone:4d33e995:zone13": {
    "class": "org.eclipse.smarthome.config.discovery.internal.DiscoveryResultImpl",
    "value": {
      "bridgeUID": {
        "segments": [
          "dscalarm",
          "envisalink",
          "4d33e995"
        ]
      },
      "thingUID": {
        "segments": [
          "dscalarm",
          "zone",
          "4d33e995",
          "zone13"
        ]
      },
      "thingTypeUID": {
        "segments": [
          "dscalarm",
          "zone"
        ]
      },
      "properties": {
        "zoneNumber": 13
      },
      "flag": "IGNORED",
      "label": "Zone 13",
      "timestamp": 1516519019691,
      "timeToLive": -1
    }
  },
  "dscalarm:zone:4d33e995:zone10": {
    "class": "org.eclipse.smarthome.config.discovery.internal.DiscoveryResultImpl",
    "value": {
      "bridgeUID": {
        "segments": [
          "dscalarm",
          "envisalink",
          "4d33e995"
        ]
      },
      "thingUID": {
        "segments": [
          "dscalarm",
          "zone",
          "4d33e995",
          "zone10"
        ]
      },
      "thingTypeUID": {
        "segments": [
          "dscalarm",
          "zone"
        ]
      },
      "properties": {
        "zoneNumber": 10
      },
      "flag": "IGNORED",
      "label": "Zone 10",
      "timestamp": 1516519019630,
      "timeToLive": -1
    }
  },
  "dscalarm:zone:4d33e995:zone11": {
    "class": "org.eclipse.smarthome.config.discovery.internal.DiscoveryResultImpl",
    "value": {
      "bridgeUID": {
        "segments": [
          "dscalarm",
          "envisalink",
          "4d33e995"
        ]
      },
      "thingUID": {
        "segments": [
          "dscalarm",
          "zone",
          "4d33e995",
          "zone11"
        ]
      },
      "thingTypeUID": {
        "segments": [
          "dscalarm",
          "zone"
        ]
      },
      "properties": {
        "zoneNumber": 11
      },
      "flag": "IGNORED",
      "label": "Zone 11",
      "timestamp": 1516519019637,
      "timeToLive": -1
    }
  },
  "dscalarm:partition:4d33e995:partition2": {
    "class": "org.eclipse.smarthome.config.discovery.internal.DiscoveryResultImpl",
    "value": {
      "bridgeUID": {
        "segments": [
          "dscalarm",
          "envisalink",
          "4d33e995"
        ]
      },
      "thingUID": {
        "segments": [
          "dscalarm",
          "partition",
          "4d33e995",
          "partition2"
        ]
      },
      "thingTypeUID": {
        "segments": [
          "dscalarm",
          "partition"
        ]
      },
      "properties": {
        "partitionNumber": 2
      },
      "flag": "IGNORED",
      "label": "Partition 2",
      "timestamp": 1516519021327,
      "timeToLive": -1
    }
  },
  "dscalarm:partition:4d33e995:partition3": {
    "class": "org.eclipse.smarthome.config.discovery.internal.DiscoveryResultImpl",
    "value": {
      "bridgeUID": {
        "segments": [
          "dscalarm",
          "envisalink",
          "4d33e995"
        ]
      },
      "thingUID": {
        "segments": [
          "dscalarm",
          "partition",
          "4d33e995",
          "partition3"
        ]
      },
      "thingTypeUID": {
        "segments": [
          "dscalarm",
          "partition"
        ]
      },
      "properties": {
        "partitionNumber": 3
      },
      "flag": "IGNORED",
      "label": "Partition 3",
      "timestamp": 1516519021339,
      "timeToLive": -1
    }
  },
  "dscalarm:partition:4d33e995:partition4": {
    "class": "org.eclipse.smarthome.config.discovery.internal.DiscoveryResultImpl",
    "value": {
      "bridgeUID": {
        "segments": [
          "dscalarm",
          "envisalink",
          "4d33e995"
        ]
      },
      "thingUID": {
        "segments": [
          "dscalarm",
          "partition",
          "4d33e995",
          "partition4"
        ]
      },
      "thingTypeUID": {
        "segments": [
          "dscalarm",
          "partition"
        ]
      },
      "properties": {
        "partitionNumber": 4
      },
      "flag": "IGNORED",
      "label": "Partition 4",
      "timestamp": 1516519021351,
      "timeToLive": -1
    }
  },
  "dscalarm:partition:4d33e995:partition5": {
    "class": "org.eclipse.smarthome.config.discovery.internal.DiscoveryResultImpl",
    "value": {
      "bridgeUID": {
        "segments": [
          "dscalarm",
          "envisalink",
          "4d33e995"
        ]
      },
      "thingUID": {
        "segments": [
          "dscalarm",
          "partition",
          "4d33e995",
          "partition5"
        ]
      },
      "thingTypeUID": {
        "segments": [
          "dscalarm",
          "partition"
        ]
      },
      "properties": {
        "partitionNumber": 5
      },
      "flag": "IGNORED",
      "label": "Partition 5",
      "timestamp": 1516519021363,
      "timeToLive": -1
    }
  },
  "dscalarm:partition:4d33e995:partition6": {
    "class": "org.eclipse.smarthome.config.discovery.internal.DiscoveryResultImpl",
    "value": {
      "bridgeUID": {
        "segments": [
          "dscalarm",
          "envisalink",
          "4d33e995"
        ]
      },
      "thingUID": {
        "segments": [
          "dscalarm",
          "partition",
          "4d33e995",
          "partition6"
        ]
      },
      "thingTypeUID": {
        "segments": [
          "dscalarm",
          "partition"
        ]
      },
      "properties": {
        "partitionNumber": 6
      },
      "flag": "IGNORED",
      "label": "Partition 6",
      "timestamp": 1516519021375,
      "timeToLive": -1
    }
  },
  "dscalarm:partition:4d33e995:partition7": {
    "class": "org.eclipse.smarthome.config.discovery.internal.DiscoveryResultImpl",
    "value": {
      "bridgeUID": {
        "segments": [
          "dscalarm",
          "envisalink",
          "4d33e995"
        ]
      },
      "thingUID": {
        "segments": [
          "dscalarm",
          "partition",
          "4d33e995",
          "partition7"
        ]
      },
      "thingTypeUID": {
        "segments": [
          "dscalarm",
          "partition"
        ]
      },
      "properties": {
        "partitionNumber": 7
      },
      "flag": "IGNORED",
      "label": "Partition 7",
      "timestamp": 1516519021387,
      "timeToLive": -1
    }
  },
  "dscalarm:partition:4d33e995:partition8": {
    "class": "org.eclipse.smarthome.config.discovery.internal.DiscoveryResultImpl",
    "value": {
      "bridgeUID": {
        "segments": [
          "dscalarm",
          "envisalink",
          "4d33e995"
        ]
      },
      "thingUID": {
        "segments": [
          "dscalarm",
          "partition",
          "4d33e995",
          "partition8"
        ]
      },
      "thingTypeUID": {
        "segments": [
          "dscalarm",
          "partition"
        ]
      },
      "properties": {
        "partitionNumber": 8
      },
      "flag": "IGNORED",
      "label": "Partition 8",
      "timestamp": 1516519021399,
      "timeToLive": -1
    }
  }
}