{
  "dscalarm:partition:4d33e995:partition1": {
    "class": "org.eclipse.smarthome.core.thing.internal.ThingImpl",
    "value": {
      "label": "Partition 1",
      "bridgeUID": {
        "segments": [
          "dscalarm",
          "envisalink",
          "4d33e995"
        ]
      },
      "channels": [
        {
          "acceptedItemType": "String",
          "kind": "STATE",
          "uid": {
            "segments": [
              "dscalarm",
              "partition",
              "4d33e995",
              "partition1",
              "partition_status"
            ]
          },
          "channelTypeUID": {
            "segments": [
              "dscalarm",
              "message"
            ]
          },
          "label": "Partition Status",
          "description": "Partition Status",
          "configuration": {
            "properties": {}
          },
          "properties": {},
          "defaultTags": []
        },
        {
          "acceptedItemType": "Number",
          "kind": "STATE",
          "uid": {
            "segments": [
              "dscalarm",
              "partition",
              "4d33e995",
              "partition1",
              "partition_arm_mode"
            ]
          },
          "channelTypeUID": {
            "segments": [
              "dscalarm",
              "arm_mode"
            ]
          },
          "label": "Partition Arm Mode",
          "description": "Partition Arm Mode",
          "configuration": {
            "properties": {}
          },
          "properties": {},
          "defaultTags": []
        },
        {
          "acceptedItemType": "Switch",
          "kind": "STATE",
          "uid": {
            "segments": [
              "dscalarm",
              "partition",
              "4d33e995",
              "partition1",
              "partition_armed"
            ]
          },
          "channelTypeUID": {
            "segments": [
              "dscalarm",
              "status"
            ]
          },
          "label": "Partition Armed Status",
          "description": "Partition Armed Status (ON\u003dArmed, OFF\u003dDisarmed)",
          "configuration": {
            "properties": {}
          },
          "properties": {},
          "defaultTags": []
        },
        {
          "acceptedItemType": "Switch",
          "kind": "STATE",
          "uid": {
            "segments": [
              "dscalarm",
              "partition",
              "4d33e995",
              "partition1",
              "partition_entry_delay"
            ]
          },
          "channelTypeUID": {
            "segments": [
              "dscalarm",
              "status"
            ]
          },
          "label": "Partition Entry Delay",
          "description": "Partition In Entry Delay Mode",
          "configuration": {
            "properties": {}
          },
          "properties": {},
          "defaultTags": []
        },
        {
          "acceptedItemType": "Switch",
          "kind": "STATE",
          "uid": {
            "segments": [
              "dscalarm",
              "partition",
              "4d33e995",
              "partition1",
              "partition_exit_delay"
            ]
          },
          "channelTypeUID": {
            "segments": [
              "dscalarm",
              "status"
            ]
          },
          "label": "Partition Exit Delay",
          "description": "Partition In Exit Delay Mode",
          "configuration": {
            "properties": {}
          },
          "properties": {},
          "defaultTags": []
        },
        {
          "acceptedItemType": "Switch",
          "kind": "STATE",
          "uid": {
            "segments": [
              "dscalarm",
              "partition",
              "4d33e995",
              "partition1",
              "partition_in_alarm"
            ]
          },
          "channelTypeUID": {
            "segments": [
              "dscalarm",
              "status"
            ]
          },
          "label": "Partition In Alarm",
          "description": "Partition In Alarm",
          "configuration": {
            "properties": {}
          },
          "properties": {},
          "defaultTags": []
        },
        {
          "acceptedItemType": "String",
          "kind": "STATE",
          "uid": {
            "segments": [
              "dscalarm",
              "partition",
              "4d33e995",
              "partition1",
              "partition_opening_closing_mode"
            ]
          },
          "channelTypeUID": {
            "segments": [
              "dscalarm",
              "message"
            ]
          },
          "label": "Partition Opening/Closing Mode",
          "description": "Partition Opening/Closing Mode (\"User Closing\", \"Special Closing\", \"Partial Closing\", \"User Opening\", \"Special Opening\")",
          "configuration": {
            "properties": {}
          },
          "properties": {},
          "defaultTags": []
        }
      ],
      "configuration": {
        "properties": {
          "partitionNumber": 1
        }
      },
      "properties": {},
      "uid": {
        "segments": [
          "dscalarm",
          "partition",
          "4d33e995",
          "partition1"
        ]
      },
      "thingTypeUID": {
        "segments": [
          "dscalarm",
          "partition"
        ]
      }
    }
  },
  "dscalarm:panel:4d33e995:panel": {
    "class": "org.eclipse.smarthome.core.thing.internal.ThingImpl",
    "value": {
      "label": "Panel",
      "bridgeUID": {
        "segments": [
          "dscalarm",
          "envisalink",
          "4d33e995"
        ]
      },
      "channels": [
        {
          "acceptedItemType": "String",
          "kind": "STATE",
          "uid": {
            "segments": [
              "dscalarm",
              "panel",
              "4d33e995",
              "panel",
              "panel_message"
            ]
          },
          "channelTypeUID": {
            "segments": [
              "dscalarm",
              "message"
            ]
          },
          "label": "Panel Message",
          "description": "Message Received",
          "configuration": {
            "properties": {}
          },
          "properties": {},
          "defaultTags": []
        },
        {
          "acceptedItemType": "Number",
          "kind": "STATE",
          "uid": {
            "segments": [
              "dscalarm",
              "panel",
              "4d33e995",
              "panel",
              "panel_command"
            ]
          },
          "channelTypeUID": {
            "segments": [
              "dscalarm",
              "panel_command"
            ]
          },
          "label": "Panel Command",
          "description": "Send Selected Command",
          "configuration": {
            "properties": {}
          },
          "properties": {},
          "defaultTags": []
        },
        {
          "acceptedItemType": "String",
          "kind": "STATE",
          "uid": {
            "segments": [
              "dscalarm",
              "panel",
              "4d33e995",
              "panel",
              "panel_system_error"
            ]
          },
          "channelTypeUID": {
            "segments": [
              "dscalarm",
              "message"
            ]
          },
          "label": "Panel System Error",
          "description": "System Error",
          "configuration": {
            "properties": {}
          },
          "properties": {},
          "defaultTags": []
        },
        {
          "acceptedItemType": "String",
          "kind": "STATE",
          "uid": {
            "segments": [
              "dscalarm",
              "panel",
              "4d33e995",
              "panel",
              "panel_trouble_message"
            ]
          },
          "channelTypeUID": {
            "segments": [
              "dscalarm",
              "message"
            ]
          },
          "label": "Panel Trouble Message",
          "description": "Trouble Message",
          "configuration": {
            "properties": {}
          },
          "properties": {},
          "defaultTags": []
        },
        {
          "acceptedItemType": "Switch",
          "kind": "STATE",
          "uid": {
            "segments": [
              "dscalarm",
              "panel",
              "4d33e995",
              "panel",
              "panel_trouble_led"
            ]
          },
          "channelTypeUID": {
            "segments": [
              "dscalarm",
              "status"
            ]
          },
          "label": "Panel Trouble LED",
          "description": "Trouble LED State",
          "configuration": {
            "properties": {}
          },
          "properties": {},
          "defaultTags": []
        },
        {
          "acceptedItemType": "Switch",
          "kind": "STATE",
          "uid": {
            "segments": [
              "dscalarm",
              "panel",
              "4d33e995",
              "panel",
              "panel_service_required"
            ]
          },
          "channelTypeUID": {
            "segments": [
              "dscalarm",
              "status"
            ]
          },
          "label": "Panel Service Required",
          "description": "Service Required Trouble Condition",
          "configuration": {
            "properties": {}
          },
          "properties": {},
          "defaultTags": []
        },
        {
          "acceptedItemType": "Switch",
          "kind": "STATE",
          "uid": {
            "segments": [
              "dscalarm",
              "panel",
              "4d33e995",
              "panel",
              "panel_ac_trouble"
            ]
          },
          "channelTypeUID": {
            "segments": [
              "dscalarm",
              "status"
            ]
          },
          "label": "Panel AC Trouble",
          "description": "Service AC Trouble Condition",
          "configuration": {
            "properties": {}
          },
          "properties": {},
          "defaultTags": []
        },
        {
          "acceptedItemType": "Switch",
          "kind": "STATE",
          "uid": {
            "segments": [
              "dscalarm",
              "panel",
              "4d33e995",
              "panel",
              "panel_telephone_trouble"
            ]
          },
          "channelTypeUID": {
            "segments": [
              "dscalarm",
              "status"
            ]
          },
          "label": "Panel Telephone Line Trouble",
          "description": "Service Telephone Line Trouble Condition",
          "configuration": {
            "properties": {}
          },
          "properties": {},
          "defaultTags": []
        },
        {
          "acceptedItemType": "Switch",
          "kind": "STATE",
          "uid": {
            "segments": [
              "dscalarm",
              "panel",
              "4d33e995",
              "panel",
              "panel_ftc_trouble"
            ]
          },
          "channelTypeUID": {
            "segments": [
              "dscalarm",
              "status"
            ]
          },
          "label": "Panel FTC Trouble",
          "description": "Service Fail to Communicate Trouble Condition",
          "configuration": {
            "properties": {}
          },
          "properties": {},
          "defaultTags": []
        },
        {
          "acceptedItemType": "Switch",
          "kind": "STATE",
          "uid": {
            "segments": [
              "dscalarm",
              "panel",
              "4d33e995",
              "panel",
              "panel_zone_fault"
            ]
          },
          "channelTypeUID": {
            "segments": [
              "dscalarm",
              "status"
            ]
          },
          "label": "Panel Zone Fault",
          "description": "Service Zone Fault Trouble Condition",
          "configuration": {
            "properties": {}
          },
          "properties": {},
          "defaultTags": []
        },
        {
          "acceptedItemType": "Switch",
          "kind": "STATE",
          "uid": {
            "segments": [
              "dscalarm",
              "panel",
              "4d33e995",
              "panel",
              "panel_zone_tamper"
            ]
          },
          "channelTypeUID": {
            "segments": [
              "dscalarm",
              "status"
            ]
          },
          "label": "Panel Zone Tamper",
          "description": "Service Zone Tamper Trouble Condition",
          "configuration": {
            "properties": {}
          },
          "properties": {},
          "defaultTags": []
        },
        {
          "acceptedItemType": "Switch",
          "kind": "STATE",
          "uid": {
            "segments": [
              "dscalarm",
              "panel",
              "4d33e995",
              "panel",
              "panel_zone_low_battery"
            ]
          },
          "channelTypeUID": {
            "segments": [
              "dscalarm",
              "status"
            ]
          },
          "label": "Panel Zone Low Battery",
          "description": "Service Zone Low Battery Trouble Condition",
          "configuration": {
            "properties": {}
          },
          "properties": {},
          "defaultTags": []
        },
        {
          "acceptedItemType": "Switch",
          "kind": "STATE",
          "uid": {
            "segments": [
              "dscalarm",
              "panel",
              "4d33e995",
              "panel",
              "panel_time_loss"
            ]
          },
          "channelTypeUID": {
            "segments": [
              "dscalarm",
              "status"
            ]
          },
          "label": "Panel Time Loss",
          "description": "Service Time Loss Trouble Condition",
          "configuration": {
            "properties": {}
          },
          "properties": {},
          "defaultTags": []
        },
        {
          "acceptedItemType": "DateTime",
          "kind": "STATE",
          "uid": {
            "segments": [
              "dscalarm",
              "panel",
              "4d33e995",
              "panel",
              "panel_time"
            ]
          },
          "channelTypeUID": {
            "segments": [
              "dscalarm",
              "time"
            ]
          },
          "label": "Panel Time",
          "description": "Panel Time",
          "configuration": {
            "properties": {}
          },
          "properties": {},
          "defaultTags": []
        },
        {
          "acceptedItemType": "Switch",
          "kind": "STATE",
          "uid": {
            "segments": [
              "dscalarm",
              "panel",
              "4d33e995",
              "panel",
              "panel_time_stamp"
            ]
          },
          "channelTypeUID": {
            "segments": [
              "dscalarm",
              "state"
            ]
          },
          "label": "Panel Time Stamp",
          "description": "Panel Time Stamp",
          "configuration": {
            "properties": {}
          },
          "properties": {},
          "defaultTags": []
        },
        {
          "acceptedItemType": "Switch",
          "kind": "STATE",
          "uid": {
            "segments": [
              "dscalarm",
              "panel",
              "4d33e995",
              "panel",
              "panel_time_broadcast"
            ]
          },
          "channelTypeUID": {
            "segments": [
              "dscalarm",
              "state"
            ]
          },
          "label": "Panel Time Broadcast",
          "description": "Panel Time Broadcast",
          "configuration": {
            "properties": {}
          },
          "properties": {},
          "defaultTags": []
        },
        {
          "acceptedItemType": "Switch",
          "kind": "STATE",
          "uid": {
            "segments": [
              "dscalarm",
              "panel",
              "4d33e995",
              "panel",
              "panel_fire_key_alarm"
            ]
          },
          "channelTypeUID": {
            "segments": [
              "dscalarm",
              "status"
            ]
          },
          "label": "Panel Fire Key Alarm",
          "description": "Panel Fire Key Alarm",
          "configuration": {
            "properties": {}
          },
          "properties": {},
          "defaultTags": []
        },
        {
          "acceptedItemType": "Switch",
          "kind": "STATE",
          "uid": {
            "segments": [
              "dscalarm",
              "panel",
              "4d33e995",
              "panel",
              "panel_panic_key_alarm"
            ]
          },
          "channelTypeUID": {
            "segments": [
              "dscalarm",
              "status"
            ]
          },
          "label": "Panel Panic Key Alarm",
          "description": "Panel Panic Key Alarm",
          "configuration": {
            "properties": {}
          },
          "properties": {},
          "defaultTags": []
        },
        {
          "acceptedItemType": "Switch",
          "kind": "STATE",
          "uid": {
            "segments": [
              "dscalarm",
              "panel",
              "4d33e995",
              "panel",
              "panel_aux_key_alarm"
            ]
          },
          "channelTypeUID": {
            "segments": [
              "dscalarm",
              "status"
            ]
          },
          "label": "Panel Auxiliary Key Alarm",
          "description": "Panel Auxiliary Key Alarm",
          "configuration": {
            "properties": {}
          },
          "properties": {},
          "defaultTags": []
        },
        {
          "acceptedItemType": "Switch",
          "kind": "STATE",
          "uid": {
            "segments": [
              "dscalarm",
              "panel",
              "4d33e995",
              "panel",
              "panel_aux_input_alarm"
            ]
          },
          "channelTypeUID": {
            "segments": [
              "dscalarm",
              "status"
            ]
          },
          "label": "Panel Auxiliary Input Alarm",
          "description": "Panel Auxiliary Input Alarm",
          "configuration": {
            "properties": {}
          },
          "properties": {},
          "defaultTags": []
        }
      ],
      "configuration": {
        "properties": {
          "suppressAcknowledgementMsgs": false,
          "userCode": "1234"
        }
      },
      "properties": {},
      "uid": {
        "segments": [
          "dscalarm",
          "panel",
          "4d33e995",
          "panel"
        ]
      },
      "thingTypeUID": {
        "segments": [
          "dscalarm",
          "panel"
        ]
      },
      "location": "Alarm Control"
    }
  },
  "dscalarm:zone:4d33e995:zone9": {
    "class": "org.eclipse.smarthome.core.thing.internal.ThingImpl",
    "value": {
      "label": "Zone 9",
      "bridgeUID": {
        "segments": [
          "dscalarm",
          "envisalink",
          "4d33e995"
        ]
      },
      "channels": [
        {
          "acceptedItemType": "Contact",
          "kind": "STATE",
          "uid": {
            "segments": [
              "dscalarm",
              "zone",
              "4d33e995",
              "zone9",
              "zone_status"
            ]
          },
          "channelTypeUID": {
            "segments": [
              "dscalarm",
              "zone_status"
            ]
          },
          "label": "Zone Status",
          "description": "Zone Status (Open/Closed)",
          "configuration": {
            "properties": {}
          },
          "properties": {},
          "defaultTags": []
        },
        {
          "acceptedItemType": "String",
          "kind": "STATE",
          "uid": {
            "segments": [
              "dscalarm",
              "zone",
              "4d33e995",
              "zone9",
              "zone_message"
            ]
          },
          "channelTypeUID": {
            "segments": [
              "dscalarm",
              "message"
            ]
          },
          "label": "Zone Message",
          "description": "Zone Message",
          "configuration": {
            "properties": {}
          },
          "properties": {},
          "defaultTags": []
        },
        {
          "acceptedItemType": "Switch",
          "kind": "STATE",
          "uid": {
            "segments": [
              "dscalarm",
              "zone",
              "4d33e995",
              "zone9",
              "zone_bypass_mode"
            ]
          },
          "channelTypeUID": {
            "segments": [
              "dscalarm",
              "bypass_mode"
            ]
          },
          "label": "Zone Bypass Mode",
          "description": "Zone Bypass Mode (OFF\u003dArmed, ON\u003dBypassed)",
          "configuration": {
            "properties": {}
          },
          "properties": {},
          "defaultTags": []
        },
        {
          "acceptedItemType": "Switch",
          "kind": "STATE",
          "uid": {
            "segments": [
              "dscalarm",
              "zone",
              "4d33e995",
              "zone9",
              "zone_in_alarm"
            ]
          },
          "channelTypeUID": {
            "segments": [
              "dscalarm",
              "status"
            ]
          },
          "label": "Zone In Alarm",
          "description": "Zone In Alarm",
          "configuration": {
            "properties": {}
          },
          "properties": {},
          "defaultTags": []
        },
        {
          "acceptedItemType": "Switch",
          "kind": "STATE",
          "uid": {
            "segments": [
              "dscalarm",
              "zone",
              "4d33e995",
              "zone9",
              "zone_tamper"
            ]
          },
          "channelTypeUID": {
            "segments": [
              "dscalarm",
              "status"
            ]
          },
          "label": "Zone Tamper",
          "description": "Zone Tamper",
          "configuration": {
            "properties": {}
          },
          "properties": {},
          "defaultTags": []
        },
        {
          "acceptedItemType": "Switch",
          "kind": "STATE",
          "uid": {
            "segments": [
              "dscalarm",
              "zone",
              "4d33e995",
              "zone9",
              "zone_fault"
            ]
          },
          "channelTypeUID": {
            "segments": [
              "dscalarm",
              "status"
            ]
          },
          "label": "Zone Fault",
          "description": "Zone Fault",
          "configuration": {
            "properties": {}
          },
          "properties": {},
          "defaultTags": []
        },
        {
          "acceptedItemType": "Switch",
          "kind": "STATE",
          "uid": {
            "segments": [
              "dscalarm",
              "zone",
              "4d33e995",
              "zone9",
              "zone_tripped"
            ]
          },
          "channelTypeUID": {
            "segments": [
              "dscalarm",
              "status"
            ]
          },
          "label": "Zone Tripped",
          "description": "Zone Tripped",
          "configuration": {
            "properties": {}
          },
          "properties": {},
          "defaultTags": []
        }
      ],
      "configuration": {
        "properties": {
          "partitionNumber": 1,
          "zoneNumber": 9
        }
      },
      "properties": {},
      "uid": {
        "segments": [
          "dscalarm",
          "zone",
          "4d33e995",
          "zone9"
        ]
      },
      "thingTypeUID": {
        "segments": [
          "dscalarm",
          "zone"
        ]
      },
      "location": "ALARM"
    }
  },
  "dscalarm:zone:4d33e995:zone8": {
    "class": "org.eclipse.smarthome.core.thing.internal.ThingImpl",
    "value": {
      "label": "Unknown",
      "bridgeUID": {
        "segments": [
          "dscalarm",
          "envisalink",
          "4d33e995"
        ]
      },
      "channels": [
        {
          "acceptedItemType": "Contact",
          "kind": "STATE",
          "uid": {
            "segments": [
              "dscalarm",
              "zone",
              "4d33e995",
              "zone8",
              "zone_status"
            ]
          },
          "channelTypeUID": {
            "segments": [
              "dscalarm",
              "zone_status"
            ]
          },
          "label": "Zone Status",
          "description": "Zone Status (Open/Closed)",
          "configuration": {
            "properties": {}
          },
          "properties": {},
          "defaultTags": []
        },
        {
          "acceptedItemType": "String",
          "kind": "STATE",
          "uid": {
            "segments": [
              "dscalarm",
              "zone",
              "4d33e995",
              "zone8",
              "zone_message"
            ]
          },
          "channelTypeUID": {
            "segments": [
              "dscalarm",
              "message"
            ]
          },
          "label": "Zone Message",
          "description": "Zone Message",
          "configuration": {
            "properties": {}
          },
          "properties": {},
          "defaultTags": []
        },
        {
          "acceptedItemType": "Switch",
          "kind": "STATE",
          "uid": {
            "segments": [
              "dscalarm",
              "zone",
              "4d33e995",
              "zone8",
              "zone_bypass_mode"
            ]
          },
          "channelTypeUID": {
            "segments": [
              "dscalarm",
              "bypass_mode"
            ]
          },
          "label": "Zone Bypass Mode",
          "description": "Zone Bypass Mode (OFF\u003dArmed, ON\u003dBypassed)",
          "configuration": {
            "properties": {}
          },
          "properties": {},
          "defaultTags": []
        },
        {
          "acceptedItemType": "Switch",
          "kind": "STATE",
          "uid": {
            "segments": [
              "dscalarm",
              "zone",
              "4d33e995",
              "zone8",
              "zone_in_alarm"
            ]
          },
          "channelTypeUID": {
            "segments": [
              "dscalarm",
              "status"
            ]
          },
          "label": "Zone In Alarm",
          "description": "Zone In Alarm",
          "configuration": {
            "properties": {}
          },
          "properties": {},
          "defaultTags": []
        },
        {
          "acceptedItemType": "Switch",
          "kind": "STATE",
          "uid": {
            "segments": [
              "dscalarm",
              "zone",
              "4d33e995",
              "zone8",
              "zone_tamper"
            ]
          },
          "channelTypeUID": {
            "segments": [
              "dscalarm",
              "status"
            ]
          },
          "label": "Zone Tamper",
          "description": "Zone Tamper",
          "configuration": {
            "properties": {}
          },
          "properties": {},
          "defaultTags": []
        },
        {
          "acceptedItemType": "Switch",
          "kind": "STATE",
          "uid": {
            "segments": [
              "dscalarm",
              "zone",
              "4d33e995",
              "zone8",
              "zone_fault"
            ]
          },
          "channelTypeUID": {
            "segments": [
              "dscalarm",
              "status"
            ]
          },
          "label": "Zone Fault",
          "description": "Zone Fault",
          "configuration": {
            "properties": {}
          },
          "properties": {},
          "defaultTags": []
        },
        {
          "acceptedItemType": "Switch",
          "kind": "STATE",
          "uid": {
            "segments": [
              "dscalarm",
              "zone",
              "4d33e995",
              "zone8",
              "zone_tripped"
            ]
          },
          "channelTypeUID": {
            "segments": [
              "dscalarm",
              "status"
            ]
          },
          "label": "Zone Tripped",
          "description": "Zone Tripped",
          "configuration": {
            "properties": {}
          },
          "properties": {},
          "defaultTags": []
        }
      ],
      "configuration": {
        "properties": {
          "partitionNumber": 1,
          "zoneNumber": 8
        }
      },
      "properties": {},
      "uid": {
        "segments": [
          "dscalarm",
          "zone",
          "4d33e995",
          "zone8"
        ]
      },
      "thingTypeUID": {
        "segments": [
          "dscalarm",
          "zone"
        ]
      },
      "location": "ALARM"
    }
  },
  "dscalarm:zone:4d33e995:zone7": {
    "class": "org.eclipse.smarthome.core.thing.internal.ThingImpl",
    "value": {
      "label": "Zone 7",
      "bridgeUID": {
        "segments": [
          "dscalarm",
          "envisalink",
          "4d33e995"
        ]
      },
      "channels": [
        {
          "acceptedItemType": "Contact",
          "kind": "STATE",
          "uid": {
            "segments": [
              "dscalarm",
              "zone",
              "4d33e995",
              "zone7",
              "zone_status"
            ]
          },
          "channelTypeUID": {
            "segments": [
              "dscalarm",
              "zone_status"
            ]
          },
          "label": "Zone Status",
          "description": "Zone Status (Open/Closed)",
          "configuration": {
            "properties": {}
          },
          "properties": {},
          "defaultTags": []
        },
        {
          "acceptedItemType": "String",
          "kind": "STATE",
          "uid": {
            "segments": [
              "dscalarm",
              "zone",
              "4d33e995",
              "zone7",
              "zone_message"
            ]
          },
          "channelTypeUID": {
            "segments": [
              "dscalarm",
              "message"
            ]
          },
          "label": "Zone Message",
          "description": "Zone Message",
          "configuration": {
            "properties": {}
          },
          "properties": {},
          "defaultTags": []
        },
        {
          "acceptedItemType": "Switch",
          "kind": "STATE",
          "uid": {
            "segments": [
              "dscalarm",
              "zone",
              "4d33e995",
              "zone7",
              "zone_bypass_mode"
            ]
          },
          "channelTypeUID": {
            "segments": [
              "dscalarm",
              "bypass_mode"
            ]
          },
          "label": "Zone Bypass Mode",
          "description": "Zone Bypass Mode (OFF\u003dArmed, ON\u003dBypassed)",
          "configuration": {
            "properties": {}
          },
          "properties": {},
          "defaultTags": []
        },
        {
          "acceptedItemType": "Switch",
          "kind": "STATE",
          "uid": {
            "segments": [
              "dscalarm",
              "zone",
              "4d33e995",
              "zone7",
              "zone_in_alarm"
            ]
          },
          "channelTypeUID": {
            "segments": [
              "dscalarm",
              "status"
            ]
          },
          "label": "Zone In Alarm",
          "description": "Zone In Alarm",
          "configuration": {
            "properties": {}
          },
          "properties": {},
          "defaultTags": []
        },
        {
          "acceptedItemType": "Switch",
          "kind": "STATE",
          "uid": {
            "segments": [
              "dscalarm",
              "zone",
              "4d33e995",
              "zone7",
              "zone_tamper"
            ]
          },
          "channelTypeUID": {
            "segments": [
              "dscalarm",
              "status"
            ]
          },
          "label": "Zone Tamper",
          "description": "Zone Tamper",
          "configuration": {
            "properties": {}
          },
          "properties": {},
          "defaultTags": []
        },
        {
          "acceptedItemType": "Switch",
          "kind": "STATE",
          "uid": {
            "segments": [
              "dscalarm",
              "zone",
              "4d33e995",
              "zone7",
              "zone_fault"
            ]
          },
          "channelTypeUID": {
            "segments": [
              "dscalarm",
              "status"
            ]
          },
          "label": "Zone Fault",
          "description": "Zone Fault",
          "configuration": {
            "properties": {}
          },
          "properties": {},
          "defaultTags": []
        },
        {
          "acceptedItemType": "Switch",
          "kind": "STATE",
          "uid": {
            "segments": [
              "dscalarm",
              "zone",
              "4d33e995",
              "zone7",
              "zone_tripped"
            ]
          },
          "channelTypeUID": {
            "segments": [
              "dscalarm",
              "status"
            ]
          },
          "label": "Zone Tripped",
          "description": "Zone Tripped",
          "configuration": {
            "properties": {}
          },
          "properties": {},
          "defaultTags": []
        }
      ],
      "configuration": {
        "properties": {
          "partitionNumber": 1,
          "zoneNumber": 7
        }
      },
      "properties": {},
      "uid": {
        "segments": [
          "dscalarm",
          "zone",
          "4d33e995",
          "zone7"
        ]
      },
      "thingTypeUID": {
        "segments": [
          "dscalarm",
          "zone"
        ]
      },
      "location": "ALARM"
    }
  },
  "dscalarm:zone:4d33e995:zone6": {
    "class": "org.eclipse.smarthome.core.thing.internal.ThingImpl",
    "value": {
      "label": "Zone 6",
      "bridgeUID": {
        "segments": [
          "dscalarm",
          "envisalink",
          "4d33e995"
        ]
      },
      "channels": [
        {
          "acceptedItemType": "Contact",
          "kind": "STATE",
          "uid": {
            "segments": [
              "dscalarm",
              "zone",
              "4d33e995",
              "zone6",
              "zone_status"
            ]
          },
          "channelTypeUID": {
            "segments": [
              "dscalarm",
              "zone_status"
            ]
          },
          "label": "Zone Status",
          "description": "Zone Status (Open/Closed)",
          "configuration": {
            "properties": {}
          },
          "properties": {},
          "defaultTags": []
        },
        {
          "acceptedItemType": "String",
          "kind": "STATE",
          "uid": {
            "segments": [
              "dscalarm",
              "zone",
              "4d33e995",
              "zone6",
              "zone_message"
            ]
          },
          "channelTypeUID": {
            "segments": [
              "dscalarm",
              "message"
            ]
          },
          "label": "Zone Message",
          "description": "Zone Message",
          "configuration": {
            "properties": {}
          },
          "properties": {},
          "defaultTags": []
        },
        {
          "acceptedItemType": "Switch",
          "kind": "STATE",
          "uid": {
            "segments": [
              "dscalarm",
              "zone",
              "4d33e995",
              "zone6",
              "zone_bypass_mode"
            ]
          },
          "channelTypeUID": {
            "segments": [
              "dscalarm",
              "bypass_mode"
            ]
          },
          "label": "Zone Bypass Mode",
          "description": "Zone Bypass Mode (OFF\u003dArmed, ON\u003dBypassed)",
          "configuration": {
            "properties": {}
          },
          "properties": {},
          "defaultTags": []
        },
        {
          "acceptedItemType": "Switch",
          "kind": "STATE",
          "uid": {
            "segments": [
              "dscalarm",
              "zone",
              "4d33e995",
              "zone6",
              "zone_in_alarm"
            ]
          },
          "channelTypeUID": {
            "segments": [
              "dscalarm",
              "status"
            ]
          },
          "label": "Zone In Alarm",
          "description": "Zone In Alarm",
          "configuration": {
            "properties": {}
          },
          "properties": {},
          "defaultTags": []
        },
        {
          "acceptedItemType": "Switch",
          "kind": "STATE",
          "uid": {
            "segments": [
              "dscalarm",
              "zone",
              "4d33e995",
              "zone6",
              "zone_tamper"
            ]
          },
          "channelTypeUID": {
            "segments": [
              "dscalarm",
              "status"
            ]
          },
          "label": "Zone Tamper",
          "description": "Zone Tamper",
          "configuration": {
            "properties": {}
          },
          "properties": {},
          "defaultTags": []
        },
        {
          "acceptedItemType": "Switch",
          "kind": "STATE",
          "uid": {
            "segments": [
              "dscalarm",
              "zone",
              "4d33e995",
              "zone6",
              "zone_fault"
            ]
          },
          "channelTypeUID": {
            "segments": [
              "dscalarm",
              "status"
            ]
          },
          "label": "Zone Fault",
          "description": "Zone Fault",
          "configuration": {
            "properties": {}
          },
          "properties": {},
          "defaultTags": []
        },
        {
          "acceptedItemType": "Switch",
          "kind": "STATE",
          "uid": {
            "segments": [
              "dscalarm",
              "zone",
              "4d33e995",
              "zone6",
              "zone_tripped"
            ]
          },
          "channelTypeUID": {
            "segments": [
              "dscalarm",
              "status"
            ]
          },
          "label": "Zone Tripped",
          "description": "Zone Tripped",
          "configuration": {
            "properties": {}
          },
          "properties": {},
          "defaultTags": []
        }
      ],
      "configuration": {
        "properties": {
          "partitionNumber": 1,
          "zoneNumber": 6
        }
      },
      "properties": {},
      "uid": {
        "segments": [
          "dscalarm",
          "zone",
          "4d33e995",
          "zone6"
        ]
      },
      "thingTypeUID": {
        "segments": [
          "dscalarm",
          "zone"
        ]
      },
      "location": "ALARM"
    }
  },
  "zwave:serial_zstick:840f79ee": {
    "class": "org.eclipse.smarthome.core.thing.internal.BridgeImpl",
    "value": {
      "label": "Z-Wave Serial Controller",
      "channels": [
        {
          "acceptedItemType": "Number",
          "kind": "STATE",
          "uid": {
            "segments": [
              "zwave",
              "serial_zstick",
              "840f79ee",
              "serial_sof"
            ]
          },
          "channelTypeUID": {
            "segments": [
              "zwave",
              "serial_sof"
            ]
          },
          "label": "Start Frames",
          "description": "Counter tracking the number of SOF bytes received",
          "configuration": {
            "properties": {}
          },
          "properties": {},
          "defaultTags": []
        },
        {
          "acceptedItemType": "Number",
          "kind": "STATE",
          "uid": {
            "segments": [
              "zwave",
              "serial_zstick",
              "840f79ee",
              "serial_ack"
            ]
          },
          "channelTypeUID": {
            "segments": [
              "zwave",
              "serial_ack"
            ]
          },
          "label": "Frames Acknowledged",
          "description": "Counter tracking the number of frames acknowldeged by the controller",
          "configuration": {
            "properties": {}
          },
          "properties": {},
          "defaultTags": []
        },
        {
          "acceptedItemType": "Number",
          "kind": "STATE",
          "uid": {
            "segments": [
              "zwave",
              "serial_zstick",
              "840f79ee",
              "serial_nak"
            ]
          },
          "channelTypeUID": {
            "segments": [
              "zwave",
              "serial_nak"
            ]
          },
          "label": "Frames Rejected",
          "description": "Counter tracking the number of frames rejected by the controller",
          "configuration": {
            "properties": {}
          },
          "properties": {},
          "defaultTags": []
        },
        {
          "acceptedItemType": "Number",
          "kind": "STATE",
          "uid": {
            "segments": [
              "zwave",
              "serial_zstick",
              "840f79ee",
              "serial_can"
            ]
          },
          "channelTypeUID": {
            "segments": [
              "zwave",
              "serial_can"
            ]
          },
          "label": "Frames Cancelled",
          "description": "Counter tracking the number of frames cancelled by the controller",
          "configuration": {
            "properties": {}
          },
          "properties": {},
          "defaultTags": []
        },
        {
          "acceptedItemType": "Number",
          "kind": "STATE",
          "uid": {
            "segments": [
              "zwave",
              "serial_zstick",
              "840f79ee",
              "serial_oof"
            ]
          },
          "channelTypeUID": {
            "segments": [
              "zwave",
              "serial_oof"
            ]
          },
          "label": "OOF Bytes Received",
          "description": "Counter tracking the number of out of flow bytes received",
          "configuration": {
            "properties": {}
          },
          "properties": {},
          "defaultTags": []
        }
      ],
      "configuration": {
        "properties": {
          "controller_softreset": false,
          "security_networkkey": "2F 2B 6B 4E 9B 6E AC 74 E0 D7 A6 4C 06 F2 0B CE",
          "security_inclusionmode": 0,
          "controller_suc": false,
          "controller_sync": false,
          "port": "/dev/ttyACM0",
          "controller_master": true,
          "inclusion_mode": 2,
          "controller_wakeupperiod": 3600,
          "heal_time": 2,
          "controller_exclude": false,
          "controller_inclusiontimeout": 30,
          "controller_hardreset": false
        }
      },
      "properties": {},
      "uid": {
        "segments": [
          "zwave",
          "serial_zstick",
          "840f79ee"
        ]
      },
      "thingTypeUID": {
        "segments": [
          "zwave",
          "serial_zstick"
        ]
      }
    }
  },
  "dscalarm:zone:4d33e995:zone5": {
    "class": "org.eclipse.smarthome.core.thing.internal.ThingImpl",
    "value": {
      "label": "Zone 5",
      "bridgeUID": {
        "segments": [
          "dscalarm",
          "envisalink",
          "4d33e995"
        ]
      },
      "channels": [
        {
          "acceptedItemType": "Contact",
          "kind": "STATE",
          "uid": {
            "segments": [
              "dscalarm",
              "zone",
              "4d33e995",
              "zone5",
              "zone_status"
            ]
          },
          "channelTypeUID": {
            "segments": [
              "dscalarm",
              "zone_status"
            ]
          },
          "label": "Zone Status",
          "description": "Zone Status (Open/Closed)",
          "configuration": {
            "properties": {}
          },
          "properties": {},
          "defaultTags": []
        },
        {
          "acceptedItemType": "String",
          "kind": "STATE",
          "uid": {
            "segments": [
              "dscalarm",
              "zone",
              "4d33e995",
              "zone5",
              "zone_message"
            ]
          },
          "channelTypeUID": {
            "segments": [
              "dscalarm",
              "message"
            ]
          },
          "label": "Zone Message",
          "description": "Zone Message",
          "configuration": {
            "properties": {}
          },
          "properties": {},
          "defaultTags": []
        },
        {
          "acceptedItemType": "Switch",
          "kind": "STATE",
          "uid": {
            "segments": [
              "dscalarm",
              "zone",
              "4d33e995",
              "zone5",
              "zone_bypass_mode"
            ]
          },
          "channelTypeUID": {
            "segments": [
              "dscalarm",
              "bypass_mode"
            ]
          },
          "label": "Zone Bypass Mode",
          "description": "Zone Bypass Mode (OFF\u003dArmed, ON\u003dBypassed)",
          "configuration": {
            "properties": {}
          },
          "properties": {},
          "defaultTags": []
        },
        {
          "acceptedItemType": "Switch",
          "kind": "STATE",
          "uid": {
            "segments": [
              "dscalarm",
              "zone",
              "4d33e995",
              "zone5",
              "zone_in_alarm"
            ]
          },
          "channelTypeUID": {
            "segments": [
              "dscalarm",
              "status"
            ]
          },
          "label": "Zone In Alarm",
          "description": "Zone In Alarm",
          "configuration": {
            "properties": {}
          },
          "properties": {},
          "defaultTags": []
        },
        {
          "acceptedItemType": "Switch",
          "kind": "STATE",
          "uid": {
            "segments": [
              "dscalarm",
              "zone",
              "4d33e995",
              "zone5",
              "zone_tamper"
            ]
          },
          "channelTypeUID": {
            "segments": [
              "dscalarm",
              "status"
            ]
          },
          "label": "Zone Tamper",
          "description": "Zone Tamper",
          "configuration": {
            "properties": {}
          },
          "properties": {},
          "defaultTags": []
        },
        {
          "acceptedItemType": "Switch",
          "kind": "STATE",
          "uid": {
            "segments": [
              "dscalarm",
              "zone",
              "4d33e995",
              "zone5",
              "zone_fault"
            ]
          },
          "channelTypeUID": {
            "segments": [
              "dscalarm",
              "status"
            ]
          },
          "label": "Zone Fault",
          "description": "Zone Fault",
          "configuration": {
            "properties": {}
          },
          "properties": {},
          "defaultTags": []
        },
        {
          "acceptedItemType": "Switch",
          "kind": "STATE",
          "uid": {
            "segments": [
              "dscalarm",
              "zone",
              "4d33e995",
              "zone5",
              "zone_tripped"
            ]
          },
          "channelTypeUID": {
            "segments": [
              "dscalarm",
              "status"
            ]
          },
          "label": "Zone Tripped",
          "description": "Zone Tripped",
          "configuration": {
            "properties": {}
          },
          "properties": {},
          "defaultTags": []
        }
      ],
      "configuration": {
        "properties": {
          "partitionNumber": 1,
          "zoneNumber": 5
        }
      },
      "properties": {},
      "uid": {
        "segments": [
          "dscalarm",
          "zone",
          "4d33e995",
          "zone5"
        ]
      },
      "thingTypeUID": {
        "segments": [
          "dscalarm",
          "zone"
        ]
      },
      "location": "ALARM"
    }
  },
  "dscalarm:zone:4d33e995:zone4": {
    "class": "org.eclipse.smarthome.core.thing.internal.ThingImpl",
    "value": {
      "label": "Basement Door",
      "bridgeUID": {
        "segments": [
          "dscalarm",
          "envisalink",
          "4d33e995"
        ]
      },
      "channels": [
        {
          "acceptedItemType": "Contact",
          "kind": "STATE",
          "uid": {
            "segments": [
              "dscalarm",
              "zone",
              "4d33e995",
              "zone4",
              "zone_status"
            ]
          },
          "channelTypeUID": {
            "segments": [
              "dscalarm",
              "zone_status"
            ]
          },
          "label": "Zone Status",
          "description": "Zone Status (Open/Closed)",
          "configuration": {
            "properties": {}
          },
          "properties": {},
          "defaultTags": []
        },
        {
          "acceptedItemType": "String",
          "kind": "STATE",
          "uid": {
            "segments": [
              "dscalarm",
              "zone",
              "4d33e995",
              "zone4",
              "zone_message"
            ]
          },
          "channelTypeUID": {
            "segments": [
              "dscalarm",
              "message"
            ]
          },
          "label": "Zone Message",
          "description": "Zone Message",
          "configuration": {
            "properties": {}
          },
          "properties": {},
          "defaultTags": []
        },
        {
          "acceptedItemType": "Switch",
          "kind": "STATE",
          "uid": {
            "segments": [
              "dscalarm",
              "zone",
              "4d33e995",
              "zone4",
              "zone_bypass_mode"
            ]
          },
          "channelTypeUID": {
            "segments": [
              "dscalarm",
              "bypass_mode"
            ]
          },
          "label": "Zone Bypass Mode",
          "description": "Zone Bypass Mode (OFF\u003dArmed, ON\u003dBypassed)",
          "configuration": {
            "properties": {}
          },
          "properties": {},
          "defaultTags": []
        },
        {
          "acceptedItemType": "Switch",
          "kind": "STATE",
          "uid": {
            "segments": [
              "dscalarm",
              "zone",
              "4d33e995",
              "zone4",
              "zone_in_alarm"
            ]
          },
          "channelTypeUID": {
            "segments": [
              "dscalarm",
              "status"
            ]
          },
          "label": "Zone In Alarm",
          "description": "Zone In Alarm",
          "configuration": {
            "properties": {}
          },
          "properties": {},
          "defaultTags": []
        },
        {
          "acceptedItemType": "Switch",
          "kind": "STATE",
          "uid": {
            "segments": [
              "dscalarm",
              "zone",
              "4d33e995",
              "zone4",
              "zone_tamper"
            ]
          },
          "channelTypeUID": {
            "segments": [
              "dscalarm",
              "status"
            ]
          },
          "label": "Zone Tamper",
          "description": "Zone Tamper",
          "configuration": {
            "properties": {}
          },
          "properties": {},
          "defaultTags": []
        },
        {
          "acceptedItemType": "Switch",
          "kind": "STATE",
          "uid": {
            "segments": [
              "dscalarm",
              "zone",
              "4d33e995",
              "zone4",
              "zone_fault"
            ]
          },
          "channelTypeUID": {
            "segments": [
              "dscalarm",
              "status"
            ]
          },
          "label": "Zone Fault",
          "description": "Zone Fault",
          "configuration": {
            "properties": {}
          },
          "properties": {},
          "defaultTags": []
        },
        {
          "acceptedItemType": "Switch",
          "kind": "STATE",
          "uid": {
            "segments": [
              "dscalarm",
              "zone",
              "4d33e995",
              "zone4",
              "zone_tripped"
            ]
          },
          "channelTypeUID": {
            "segments": [
              "dscalarm",
              "status"
            ]
          },
          "label": "Zone Tripped",
          "description": "Zone Tripped",
          "configuration": {
            "properties": {}
          },
          "properties": {},
          "defaultTags": []
        }
      ],
      "configuration": {
        "properties": {
          "partitionNumber": 1,
          "zoneNumber": 4
        }
      },
      "properties": {},
      "uid": {
        "segments": [
          "dscalarm",
          "zone",
          "4d33e995",
          "zone4"
        ]
      },
      "thingTypeUID": {
        "segments": [
          "dscalarm",
          "zone"
        ]
      },
      "location": "ALARM"
    }
  },
  "dscalarm:zone:4d33e995:zone3": {
    "class": "org.eclipse.smarthome.core.thing.internal.ThingImpl",
    "value": {
      "label": "Garage Door",
      "bridgeUID": {
        "segments": [
          "dscalarm",
          "envisalink",
          "4d33e995"
        ]
      },
      "channels": [
        {
          "acceptedItemType": "Contact",
          "kind": "STATE",
          "uid": {
            "segments": [
              "dscalarm",
              "zone",
              "4d33e995",
              "zone3",
              "zone_status"
            ]
          },
          "channelTypeUID": {
            "segments": [
              "dscalarm",
              "zone_status"
            ]
          },
          "label": "Zone Status",
          "description": "Zone Status (Open/Closed)",
          "configuration": {
            "properties": {}
          },
          "properties": {},
          "defaultTags": []
        },
        {
          "acceptedItemType": "String",
          "kind": "STATE",
          "uid": {
            "segments": [
              "dscalarm",
              "zone",
              "4d33e995",
              "zone3",
              "zone_message"
            ]
          },
          "channelTypeUID": {
            "segments": [
              "dscalarm",
              "message"
            ]
          },
          "label": "Zone Message",
          "description": "Zone Message",
          "configuration": {
            "properties": {}
          },
          "properties": {},
          "defaultTags": []
        },
        {
          "acceptedItemType": "Switch",
          "kind": "STATE",
          "uid": {
            "segments": [
              "dscalarm",
              "zone",
              "4d33e995",
              "zone3",
              "zone_bypass_mode"
            ]
          },
          "channelTypeUID": {
            "segments": [
              "dscalarm",
              "bypass_mode"
            ]
          },
          "label": "Zone Bypass Mode",
          "description": "Zone Bypass Mode (OFF\u003dArmed, ON\u003dBypassed)",
          "configuration": {
            "properties": {}
          },
          "properties": {},
          "defaultTags": []
        },
        {
          "acceptedItemType": "Switch",
          "kind": "STATE",
          "uid": {
            "segments": [
              "dscalarm",
              "zone",
              "4d33e995",
              "zone3",
              "zone_in_alarm"
            ]
          },
          "channelTypeUID": {
            "segments": [
              "dscalarm",
              "status"
            ]
          },
          "label": "Zone In Alarm",
          "description": "Zone In Alarm",
          "configuration": {
            "properties": {}
          },
          "properties": {},
          "defaultTags": []
        },
        {
          "acceptedItemType": "Switch",
          "kind": "STATE",
          "uid": {
            "segments": [
              "dscalarm",
              "zone",
              "4d33e995",
              "zone3",
              "zone_tamper"
            ]
          },
          "channelTypeUID": {
            "segments": [
              "dscalarm",
              "status"
            ]
          },
          "label": "Zone Tamper",
          "description": "Zone Tamper",
          "configuration": {
            "properties": {}
          },
          "properties": {},
          "defaultTags": []
        },
        {
          "acceptedItemType": "Switch",
          "kind": "STATE",
          "uid": {
            "segments": [
              "dscalarm",
              "zone",
              "4d33e995",
              "zone3",
              "zone_fault"
            ]
          },
          "channelTypeUID": {
            "segments": [
              "dscalarm",
              "status"
            ]
          },
          "label": "Zone Fault",
          "description": "Zone Fault",
          "configuration": {
            "properties": {}
          },
          "properties": {},
          "defaultTags": []
        },
        {
          "acceptedItemType": "Switch",
          "kind": "STATE",
          "uid": {
            "segments": [
              "dscalarm",
              "zone",
              "4d33e995",
              "zone3",
              "zone_tripped"
            ]
          },
          "channelTypeUID": {
            "segments": [
              "dscalarm",
              "status"
            ]
          },
          "label": "Zone Tripped",
          "description": "Zone Tripped",
          "configuration": {
            "properties": {}
          },
          "properties": {},
          "defaultTags": []
        }
      ],
      "configuration": {
        "properties": {
          "partitionNumber": 1,
          "zoneNumber": 3
        }
      },
      "properties": {},
      "uid": {
        "segments": [
          "dscalarm",
          "zone",
          "4d33e995",
          "zone3"
        ]
      },
      "thingTypeUID": {
        "segments": [
          "dscalarm",
          "zone"
        ]
      },
      "location": "ALARM"
    }
  },
  "dscalarm:zone:4d33e995:zone2": {
    "class": "org.eclipse.smarthome.core.thing.internal.ThingImpl",
    "value": {
      "label": "Back Door",
      "bridgeUID": {
        "segments": [
          "dscalarm",
          "envisalink",
          "4d33e995"
        ]
      },
      "channels": [
        {
          "acceptedItemType": "Contact",
          "kind": "STATE",
          "uid": {
            "segments": [
              "dscalarm",
              "zone",
              "4d33e995",
              "zone2",
              "zone_status"
            ]
          },
          "channelTypeUID": {
            "segments": [
              "dscalarm",
              "zone_status"
            ]
          },
          "label": "Zone Status",
          "description": "Zone Status (Open/Closed)",
          "configuration": {
            "properties": {}
          },
          "properties": {},
          "defaultTags": []
        },
        {
          "acceptedItemType": "String",
          "kind": "STATE",
          "uid": {
            "segments": [
              "dscalarm",
              "zone",
              "4d33e995",
              "zone2",
              "zone_message"
            ]
          },
          "channelTypeUID": {
            "segments": [
              "dscalarm",
              "message"
            ]
          },
          "label": "Zone Message",
          "description": "Zone Message",
          "configuration": {
            "properties": {}
          },
          "properties": {},
          "defaultTags": []
        },
        {
          "acceptedItemType": "Switch",
          "kind": "STATE",
          "uid": {
            "segments": [
              "dscalarm",
              "zone",
              "4d33e995",
              "zone2",
              "zone_bypass_mode"
            ]
          },
          "channelTypeUID": {
            "segments": [
              "dscalarm",
              "bypass_mode"
            ]
          },
          "label": "Zone Bypass Mode",
          "description": "Zone Bypass Mode (OFF\u003dArmed, ON\u003dBypassed)",
          "configuration": {
            "properties": {}
          },
          "properties": {},
          "defaultTags": []
        },
        {
          "acceptedItemType": "Switch",
          "kind": "STATE",
          "uid": {
            "segments": [
              "dscalarm",
              "zone",
              "4d33e995",
              "zone2",
              "zone_in_alarm"
            ]
          },
          "channelTypeUID": {
            "segments": [
              "dscalarm",
              "status"
            ]
          },
          "label": "Zone In Alarm",
          "description": "Zone In Alarm",
          "configuration": {
            "properties": {}
          },
          "properties": {},
          "defaultTags": []
        },
        {
          "acceptedItemType": "Switch",
          "kind": "STATE",
          "uid": {
            "segments": [
              "dscalarm",
              "zone",
              "4d33e995",
              "zone2",
              "zone_tamper"
            ]
          },
          "channelTypeUID": {
            "segments": [
              "dscalarm",
              "status"
            ]
          },
          "label": "Zone Tamper",
          "description": "Zone Tamper",
          "configuration": {
            "properties": {}
          },
          "properties": {},
          "defaultTags": []
        },
        {
          "acceptedItemType": "Switch",
          "kind": "STATE",
          "uid": {
            "segments": [
              "dscalarm",
              "zone",
              "4d33e995",
              "zone2",
              "zone_fault"
            ]
          },
          "channelTypeUID": {
            "segments": [
              "dscalarm",
              "status"
            ]
          },
          "label": "Zone Fault",
          "description": "Zone Fault",
          "configuration": {
            "properties": {}
          },
          "properties": {},
          "defaultTags": []
        },
        {
          "acceptedItemType": "Switch",
          "kind": "STATE",
          "uid": {
            "segments": [
              "dscalarm",
              "zone",
              "4d33e995",
              "zone2",
              "zone_tripped"
            ]
          },
          "channelTypeUID": {
            "segments": [
              "dscalarm",
              "status"
            ]
          },
          "label": "Zone Tripped",
          "description": "Zone Tripped",
          "configuration": {
            "properties": {}
          },
          "properties": {},
          "defaultTags": []
        }
      ],
      "configuration": {
        "properties": {
          "partitionNumber": 1,
          "zoneNumber": 2
        }
      },
      "properties": {},
      "uid": {
        "segments": [
          "dscalarm",
          "zone",
          "4d33e995",
          "zone2"
        ]
      },
      "thingTypeUID": {
        "segments": [
          "dscalarm",
          "zone"
        ]
      },
      "location": "ALARM"
    }
  },
  "dscalarm:zone:4d33e995:zone1": {
    "class": "org.eclipse.smarthome.core.thing.internal.ThingImpl",
    "value": {
      "label": "Front Door",
      "bridgeUID": {
        "segments": [
          "dscalarm",
          "envisalink",
          "4d33e995"
        ]
      },
      "channels": [
        {
          "acceptedItemType": "Contact",
          "kind": "STATE",
          "uid": {
            "segments": [
              "dscalarm",
              "zone",
              "4d33e995",
              "zone1",
              "zone_status"
            ]
          },
          "channelTypeUID": {
            "segments": [
              "dscalarm",
              "zone_status"
            ]
          },
          "label": "Zone Status",
          "description": "Zone Status (Open/Closed)",
          "configuration": {
            "properties": {}
          },
          "properties": {},
          "defaultTags": []
        },
        {
          "acceptedItemType": "String",
          "kind": "STATE",
          "uid": {
            "segments": [
              "dscalarm",
              "zone",
              "4d33e995",
              "zone1",
              "zone_message"
            ]
          },
          "channelTypeUID": {
            "segments": [
              "dscalarm",
              "message"
            ]
          },
          "label": "Zone Message",
          "description": "Zone Message",
          "configuration": {
            "properties": {}
          },
          "properties": {},
          "defaultTags": []
        },
        {
          "acceptedItemType": "Switch",
          "kind": "STATE",
          "uid": {
            "segments": [
              "dscalarm",
              "zone",
              "4d33e995",
              "zone1",
              "zone_bypass_mode"
            ]
          },
          "channelTypeUID": {
            "segments": [
              "dscalarm",
              "bypass_mode"
            ]
          },
          "label": "Zone Bypass Mode",
          "description": "Zone Bypass Mode (OFF\u003dArmed, ON\u003dBypassed)",
          "configuration": {
            "properties": {}
          },
          "properties": {},
          "defaultTags": []
        },
        {
          "acceptedItemType": "Switch",
          "kind": "STATE",
          "uid": {
            "segments": [
              "dscalarm",
              "zone",
              "4d33e995",
              "zone1",
              "zone_in_alarm"
            ]
          },
          "channelTypeUID": {
            "segments": [
              "dscalarm",
              "status"
            ]
          },
          "label": "Zone In Alarm",
          "description": "Zone In Alarm",
          "configuration": {
            "properties": {}
          },
          "properties": {},
          "defaultTags": []
        },
        {
          "acceptedItemType": "Switch",
          "kind": "STATE",
          "uid": {
            "segments": [
              "dscalarm",
              "zone",
              "4d33e995",
              "zone1",
              "zone_tamper"
            ]
          },
          "channelTypeUID": {
            "segments": [
              "dscalarm",
              "status"
            ]
          },
          "label": "Zone Tamper",
          "description": "Zone Tamper",
          "configuration": {
            "properties": {}
          },
          "properties": {},
          "defaultTags": []
        },
        {
          "acceptedItemType": "Switch",
          "kind": "STATE",
          "uid": {
            "segments": [
              "dscalarm",
              "zone",
              "4d33e995",
              "zone1",
              "zone_fault"
            ]
          },
          "channelTypeUID": {
            "segments": [
              "dscalarm",
              "status"
            ]
          },
          "label": "Zone Fault",
          "description": "Zone Fault",
          "configuration": {
            "properties": {}
          },
          "properties": {},
          "defaultTags": []
        },
        {
          "acceptedItemType": "Switch",
          "kind": "STATE",
          "uid": {
            "segments": [
              "dscalarm",
              "zone",
              "4d33e995",
              "zone1",
              "zone_tripped"
            ]
          },
          "channelTypeUID": {
            "segments": [
              "dscalarm",
              "status"
            ]
          },
          "label": "Zone Tripped",
          "description": "Zone Tripped",
          "configuration": {
            "properties": {}
          },
          "properties": {},
          "defaultTags": []
        }
      ],
      "configuration": {
        "properties": {
          "partitionNumber": 1,
          "zoneNumber": 1
        }
      },
      "properties": {},
      "uid": {
        "segments": [
          "dscalarm",
          "zone",
          "4d33e995",
          "zone1"
        ]
      },
      "thingTypeUID": {
        "segments": [
          "dscalarm",
          "zone"
        ]
      },
      "location": "ALARM"
    }
  },
  "dscalarm:keypad:4d33e995:keypad": {
    "class": "org.eclipse.smarthome.core.thing.internal.ThingImpl",
    "value": {
      "label": "Keypad",
      "bridgeUID": {
        "segments": [
          "dscalarm",
          "envisalink",
          "4d33e995"
        ]
      },
      "channels": [
        {
          "acceptedItemType": "Number",
          "kind": "STATE",
          "uid": {
            "segments": [
              "dscalarm",
              "keypad",
              "4d33e995",
              "keypad",
              "keypad_ready_led"
            ]
          },
          "channelTypeUID": {
            "segments": [
              "dscalarm",
              "led"
            ]
          },
          "label": "Keypad Ready LED",
          "description": "Keypad Ready LED (0\u003dOff, 1\u003dOn, 2\u003dFlashing)",
          "configuration": {
            "properties": {}
          },
          "properties": {},
          "defaultTags": []
        },
        {
          "acceptedItemType": "Number",
          "kind": "STATE",
          "uid": {
            "segments": [
              "dscalarm",
              "keypad",
              "4d33e995",
              "keypad",
              "keypad_armed_led"
            ]
          },
          "channelTypeUID": {
            "segments": [
              "dscalarm",
              "led"
            ]
          },
          "label": "Keypad Armed LED",
          "description": "Keypad Armed LED (0\u003dOff, 1\u003dOn, 2\u003dFlashing)",
          "configuration": {
            "properties": {}
          },
          "properties": {},
          "defaultTags": []
        },
        {
          "acceptedItemType": "Number",
          "kind": "STATE",
          "uid": {
            "segments": [
              "dscalarm",
              "keypad",
              "4d33e995",
              "keypad",
              "keypad_memory_led"
            ]
          },
          "channelTypeUID": {
            "segments": [
              "dscalarm",
              "led"
            ]
          },
          "label": "Keypad Memory LED",
          "description": "Keypad Memory LED (0\u003dOff, 1\u003dOn, 2\u003dFlashing)",
          "configuration": {
            "properties": {}
          },
          "properties": {},
          "defaultTags": []
        },
        {
          "acceptedItemType": "Number",
          "kind": "STATE",
          "uid": {
            "segments": [
              "dscalarm",
              "keypad",
              "4d33e995",
              "keypad",
              "keypad_bypass_led"
            ]
          },
          "channelTypeUID": {
            "segments": [
              "dscalarm",
              "led"
            ]
          },
          "label": "Keypad Bypass LED",
          "description": "Keypad Bypass LED (0\u003dOff, 1\u003dOn, 2\u003dFlashing)",
          "configuration": {
            "properties": {}
          },
          "properties": {},
          "defaultTags": []
        },
        {
          "acceptedItemType": "Number",
          "kind": "STATE",
          "uid": {
            "segments": [
              "dscalarm",
              "keypad",
              "4d33e995",
              "keypad",
              "keypad_trouble_led"
            ]
          },
          "channelTypeUID": {
            "segments": [
              "dscalarm",
              "led"
            ]
          },
          "label": "Keypad Trouble LED",
          "description": "Keypad Trouble LED (0\u003dOff, 1\u003dOn, 2\u003dFlashing)",
          "configuration": {
            "properties": {}
          },
          "properties": {},
          "defaultTags": []
        },
        {
          "acceptedItemType": "Number",
          "kind": "STATE",
          "uid": {
            "segments": [
              "dscalarm",
              "keypad",
              "4d33e995",
              "keypad",
              "keypad_program_led"
            ]
          },
          "channelTypeUID": {
            "segments": [
              "dscalarm",
              "led"
            ]
          },
          "label": "Keypad Program LED",
          "description": "Keypad Program LED (0\u003dOff, 1\u003dOn, 2\u003dFlashing)",
          "configuration": {
            "properties": {}
          },
          "properties": {},
          "defaultTags": []
        },
        {
          "acceptedItemType": "Number",
          "kind": "STATE",
          "uid": {
            "segments": [
              "dscalarm",
              "keypad",
              "4d33e995",
              "keypad",
              "keypad_fire_led"
            ]
          },
          "channelTypeUID": {
            "segments": [
              "dscalarm",
              "led"
            ]
          },
          "label": "Keypad Fire LED",
          "description": "Keypad Fire LED (0\u003dOff, 1\u003dOn, 2\u003dFlashing)",
          "configuration": {
            "properties": {}
          },
          "properties": {},
          "defaultTags": []
        },
        {
          "acceptedItemType": "Number",
          "kind": "STATE",
          "uid": {
            "segments": [
              "dscalarm",
              "keypad",
              "4d33e995",
              "keypad",
              "keypad_backlight_led"
            ]
          },
          "channelTypeUID": {
            "segments": [
              "dscalarm",
              "led"
            ]
          },
          "label": "Keypad Backlight LED",
          "description": "Keypad Backlight LED (0\u003dOff, 1\u003dOn, 2\u003dFlashing)",
          "configuration": {
            "properties": {}
          },
          "properties": {},
          "defaultTags": []
        },
        {
          "acceptedItemType": "Number",
          "kind": "STATE",
          "uid": {
            "segments": [
              "dscalarm",
              "keypad",
              "4d33e995",
              "keypad",
              "keypad_ac_led"
            ]
          },
          "channelTypeUID": {
            "segments": [
              "dscalarm",
              "led"
            ]
          },
          "label": "Keypad AC LED",
          "description": "Keypad AC LED (0\u003dOff, 1\u003dOn, 2\u003dFlashing)",
          "configuration": {
            "properties": {}
          },
          "properties": {},
          "defaultTags": []
        },
        {
          "acceptedItemType": "String",
          "kind": "STATE",
          "uid": {
            "segments": [
              "dscalarm",
              "keypad",
              "4d33e995",
              "keypad",
              "keypad_lcd_update"
            ]
          },
          "channelTypeUID": {
            "segments": [
              "dscalarm",
              "message"
            ]
          },
          "label": "Keypad LCD Update",
          "description": "Keypad LCD Menu Changes",
          "configuration": {
            "properties": {}
          },
          "properties": {},
          "defaultTags": []
        },
        {
          "acceptedItemType": "String",
          "kind": "STATE",
          "uid": {
            "segments": [
              "dscalarm",
              "keypad",
              "4d33e995",
              "keypad",
              "keypad_lcd_cursor"
            ]
          },
          "channelTypeUID": {
            "segments": [
              "dscalarm",
              "message"
            ]
          },
          "label": "Keypad LCD Cursor",
          "description": "Keypad LCD Cursor Position Changes",
          "configuration": {
            "properties": {}
          },
          "properties": {},
          "defaultTags": []
        }
      ],
      "configuration": {
        "properties": {}
      },
      "properties": {},
      "uid": {
        "segments": [
          "dscalarm",
          "keypad",
          "4d33e995",
          "keypad"
        ]
      },
      "thingTypeUID": {
        "segments": [
          "dscalarm",
          "keypad"
        ]
      }
    }
  },
  "zwave:device:840f79ee:node2": {
    "class": "org.eclipse.smarthome.core.thing.internal.ThingImpl",
    "value": {
      "label": "Front Lights",
      "bridgeUID": {
        "segments": [
          "zwave",
          "serial_zstick",
          "840f79ee"
        ]
      },
      "channels": [
        {
          "acceptedItemType": "Switch",
          "kind": "STATE",
          "uid": {
            "segments": [
              "zwave",
              "device",
              "840f79ee",
              "node2",
              "switch_binary"
            ]
          },
          "channelTypeUID": {
            "segments": [
              "zwave",
              "switch_binary"
            ]
          },
          "label": "Switch",
          "description": "Switch the power on and off",
          "configuration": {
            "properties": {}
          },
          "properties": {
            "binding:*:OnOffType": "SWITCH_BINARY,BASIC"
          },
          "defaultTags": []
        },
        {
          "acceptedItemType": "Number",
          "kind": "STATE",
          "uid": {
            "segments": [
              "zwave",
              "device",
              "840f79ee",
              "node2",
              "scene_number"
            ]
          },
          "channelTypeUID": {
            "segments": [
              "zwave",
              "scene_number"
            ]
          },
          "label": "Scene Number",
          "description": "Triggers when a scene button is pressed",
          "configuration": {
            "properties": {}
          },
          "properties": {
            "binding:*:DecimalType": "SCENE_ACTIVATION"
          },
          "defaultTags": []
        }
      ],
      "configuration": {
        "properties": {
          "action_heal": false,
          "switchall_mode": 255,
          "action_reinit": false,
          "config_7_1": -1,
          "action_failed": false,
          "powerlevel_timeout": 0,
          "powerlevel_level": 0,
          "group_1": [
            "node_1_0"
          ],
          "action_remove": false,
          "binding_pollperiod": 1800
        }
      },
      "properties": {
        "zwave_class_basic": "ROUTING_SLAVE",
        "zwave_class_generic": "BINARY_SWITCH",
        "zwave_frequent": "false",
        "zwave_neighbours": "1",
        "zwave_version": "1.15",
        "zwave_listening": "true",
        "zwave_plus_devicetype": "ON_OFF_POWER_SWITCH",
        "zwave_deviceid": "1",
        "zwave_nodeid": "2",
        "zwave_routing": "true",
        "zwave_beaming": "true",
        "zwave_class_specific": "POWER_SWITCH_BINARY",
        "zwave_manufacturer": "29",
        "zwave_devicetype": "13313"
      },
      "uid": {
        "segments": [
          "zwave",
          "device",
          "840f79ee",
          "node2"
        ]
      },
      "thingTypeUID": {
        "segments": [
          "zwave",
          "leviton_dz15s_00_000"
        ]
      },
      "location": "Front Door"
    }
  },
  "dscalarm:envisalink:4d33e995": {
    "class": "org.eclipse.smarthome.core.thing.internal.BridgeImpl",
    "value": {
      "label": "EyezOn Envisalink",
      "channels": [
        {
          "acceptedItemType": "Switch",
          "kind": "STATE",
          "uid": {
            "segments": [
              "dscalarm",
              "envisalink",
              "4d33e995",
              "bridge_reset"
            ]
          },
          "channelTypeUID": {
            "segments": [
              "dscalarm",
              "reset"
            ]
          },
          "label": "Reset Envisalink",
          "description": "Resets the Envisalink",
          "configuration": {
            "properties": {}
          },
          "properties": {},
          "defaultTags": []
        },
        {
          "acceptedItemType": "String",
          "kind": "STATE",
          "uid": {
            "segments": [
              "dscalarm",
              "envisalink",
              "4d33e995",
              "send_command"
            ]
          },
          "channelTypeUID": {
            "segments": [
              "dscalarm",
              "command"
            ]
          },
          "label": "Send Command",
          "description": "Sends a DSC Alarm Command",
          "configuration": {
            "properties": {}
          },
          "properties": {},
          "defaultTags": []
        }
      ],
      "configuration": {
        "properties": {
          "ipAddress": "172.16.1.100",
          "password": "user",
          "port": 4025,
          "pollPeriod": 1,
          "connectionTimeout": 5000
        }
      },
      "properties": {},
      "uid": {
        "segments": [
          "dscalarm",
          "envisalink",
          "4d33e995"
        ]
      },
      "thingTypeUID": {
        "segments": [
          "dscalarm",
          "envisalink"
        ]
      },
      "location": "Basement"
    }
  }
}