{
  "Zone5_ZoneInAlarm": {
    "class": "org.eclipse.smarthome.core.items.ManagedItemProvider$PersistedItem",
    "value": {
      "groupNames": [],
      "itemType": "Switch",
      "tags": [],
      "label": "Zone In Alarm",
      "category": "DCS Alarm"
    }
  },
  "Zone2_ZoneInAlarm": {
    "class": "org.eclipse.smarthome.core.items.ManagedItemProvider$PersistedItem",
    "value": {
      "groupNames": [],
      "itemType": "Switch",
      "tags": [],
      "label": "Zone In Alarm",
      "category": "DCS Alarm"
    }
  },
  "Zone6_ZoneInAlarm": {
    "class": "org.eclipse.smarthome.core.items.ManagedItemProvider$PersistedItem",
    "value": {
      "groupNames": [],
      "itemType": "Switch",
      "tags": [],
      "label": "Zone In Alarm",
      "category": "DCS Alarm"
    }
  },
  "Zone7_ZoneStatus": {
    "class": "org.eclipse.smarthome.core.items.ManagedItemProvider$PersistedItem",
    "value": {
      "groupNames": [],
      "itemType": "Contact",
      "tags": [],
      "label": "Zone Status",
      "category": "DCS Alarm"
    }
  },
  "DenonAVRX3300W_MainVolume": {
    "class": "org.eclipse.smarthome.core.items.ManagedItemProvider$PersistedItem",
    "value": {
      "groupNames": [],
      "itemType": "Dimmer",
      "tags": [],
      "label": "Main volume",
      "category": "SoundVolume"
    }
  },
  "BackDoor_ZoneMessage": {
    "class": "org.eclipse.smarthome.core.items.ManagedItemProvider$PersistedItem",
    "value": {
      "groupNames": [],
      "itemType": "String",
      "tags": [],
      "label": "Zone Message",
      "category": "DCS Alarm"
    }
  },
  "Zone9_ZoneInAlarm": {
    "class": "org.eclipse.smarthome.core.items.ManagedItemProvider$PersistedItem",
    "value": {
      "groupNames": [],
      "itemType": "Switch",
      "tags": [],
      "label": "Zone In Alarm",
      "category": "DCS Alarm"
    }
  },
  "Zone8_ZoneInAlarm": {
    "class": "org.eclipse.smarthome.core.items.ManagedItemProvider$PersistedItem",
    "value": {
      "groupNames": [],
      "itemType": "Switch",
      "tags": [],
      "label": "Zone In Alarm",
      "category": "DCS Alarm"
    }
  },
  "Zone7_ZoneInAlarm": {
    "class": "org.eclipse.smarthome.core.items.ManagedItemProvider$PersistedItem",
    "value": {
      "groupNames": [],
      "itemType": "Switch",
      "tags": [],
      "label": "Zone In Alarm",
      "category": "DCS Alarm"
    }
  },
  "BasementDoor_ZoneMessage": {
    "class": "org.eclipse.smarthome.core.items.ManagedItemProvider$PersistedItem",
    "value": {
      "groupNames": [],
      "itemType": "String",
      "tags": [],
      "label": "Zone Message",
      "category": "DCS Alarm"
    }
  },
  "DenonAVRX3300W_Mute": {
    "class": "org.eclipse.smarthome.core.items.ManagedItemProvider$PersistedItem",
    "value": {
      "groupNames": [],
      "itemType": "Switch",
      "tags": [],
      "label": "Mute"
    }
  },
  "DenonAVRX3300W_NowPlayingAlbum": {
    "class": "org.eclipse.smarthome.core.items.ManagedItemProvider$PersistedItem",
    "value": {
      "groupNames": [],
      "itemType": "String",
      "tags": [],
      "label": "Now Playing (album)"
    }
  },
  "Zone5_ZoneMessage": {
    "class": "org.eclipse.smarthome.core.items.ManagedItemProvider$PersistedItem",
    "value": {
      "groupNames": [],
      "itemType": "String",
      "tags": [],
      "label": "Zone Message",
      "category": "DCS Alarm"
    }
  },
  "Zone9_ZoneMessage": {
    "class": "org.eclipse.smarthome.core.items.ManagedItemProvider$PersistedItem",
    "value": {
      "groupNames": [],
      "itemType": "String",
      "tags": [],
      "label": "Zone Message",
      "category": "DCS Alarm"
    }
  },
  "Zone7_ZoneMessage": {
    "class": "org.eclipse.smarthome.core.items.ManagedItemProvider$PersistedItem",
    "value": {
      "groupNames": [],
      "itemType": "String",
      "tags": [],
      "label": "Zone Message",
      "category": "DCS Alarm"
    }
  },
  "Zone6_ZoneMessage": {
    "class": "org.eclipse.smarthome.core.items.ManagedItemProvider$PersistedItem",
    "value": {
      "groupNames": [],
      "itemType": "String",
      "tags": [],
      "label": "Zone Message",
      "category": "DCS Alarm"
    }
  },
  "Zone7_ZoneBypassMode": {
    "class": "org.eclipse.smarthome.core.items.ManagedItemProvider$PersistedItem",
    "value": {
      "groupNames": [],
      "itemType": "Switch",
      "tags": [],
      "label": "Zone Bypass Mode",
      "category": "DCS Alarm"
    }
  },
  "FrontDoor_ZoneStatus": {
    "class": "org.eclipse.smarthome.core.items.ManagedItemProvider$PersistedItem",
    "value": {
      "groupNames": [],
      "itemType": "Contact",
      "tags": [],
      "label": "Zone Status",
      "category": "DCS Alarm"
    }
  },
  "Zone8_ZoneMessage": {
    "class": "org.eclipse.smarthome.core.items.ManagedItemProvider$PersistedItem",
    "value": {
      "groupNames": [],
      "itemType": "String",
      "tags": [],
      "label": "Zone Message",
      "category": "DCS Alarm"
    }
  },
  "GarageDoor_ZoneInAlarm": {
    "class": "org.eclipse.smarthome.core.items.ManagedItemProvider$PersistedItem",
    "value": {
      "groupNames": [],
      "itemType": "Switch",
      "tags": [],
      "label": "Zone In Alarm",
      "category": "DCS Alarm"
    }
  },
  "GarageDoor_ZoneBypassMode": {
    "class": "org.eclipse.smarthome.core.items.ManagedItemProvider$PersistedItem",
    "value": {
      "groupNames": [],
      "itemType": "Switch",
      "tags": [],
      "label": "Zone Bypass Mode",
      "category": "DCS Alarm"
    }
  },
  "DenonAVRX3300W_PowerMainZone": {
    "class": "org.eclipse.smarthome.core.items.ManagedItemProvider$PersistedItem",
    "value": {
      "groupNames": [],
      "itemType": "Switch",
      "tags": [],
      "label": "Power (main zone)",
      "category": "Home Theatre"
    }
  },
  "DenonAVRX3300W_NowPlayingArtist": {
    "class": "org.eclipse.smarthome.core.items.ManagedItemProvider$PersistedItem",
    "value": {
      "groupNames": [],
      "itemType": "String",
      "tags": [],
      "label": "Now Playing (artist)"
    }
  },
  "Zone6_ZoneBypassMode": {
    "class": "org.eclipse.smarthome.core.items.ManagedItemProvider$PersistedItem",
    "value": {
      "groupNames": [],
      "itemType": "Switch",
      "tags": [],
      "label": "Zone Bypass Mode",
      "category": "DCS Alarm"
    }
  },
  "FrontDoor_ZoneBypassMode": {
    "class": "org.eclipse.smarthome.core.items.ManagedItemProvider$PersistedItem",
    "value": {
      "groupNames": [],
      "itemType": "Switch",
      "tags": [],
      "label": "Zone Bypass Mode",
      "category": "DCS Alarm"
    }
  },
  "Zone6_ZoneStatus": {
    "class": "org.eclipse.smarthome.core.items.ManagedItemProvider$PersistedItem",
    "value": {
      "groupNames": [],
      "itemType": "Contact",
      "tags": [],
      "label": "Zone Status",
      "category": "DCS Alarm"
    }
  },
  "Zone9_ZoneBypassMode": {
    "class": "org.eclipse.smarthome.core.items.ManagedItemProvider$PersistedItem",
    "value": {
      "groupNames": [],
      "itemType": "Switch",
      "tags": [],
      "label": "Zone Bypass Mode",
      "category": "DCS Alarm"
    }
  },
  "DenonAVRX3300W_InputSource": {
    "class": "org.eclipse.smarthome.core.items.ManagedItemProvider$PersistedItem",
    "value": {
      "groupNames": [],
      "itemType": "String",
      "tags": [],
      "label": "Input source"
    }
  },
  "Panel_PanelMessage2": {
    "class": "org.eclipse.smarthome.core.items.ManagedItemProvider$PersistedItem",
    "value": {
      "groupNames": [],
      "itemType": "String",
      "tags": [],
      "label": "Panel Message"
    }
  },
  "DenonAVRX3300W_InputSourceZone2": {
    "class": "org.eclipse.smarthome.core.items.ManagedItemProvider$PersistedItem",
    "value": {
      "groupNames": [],
      "itemType": "String",
      "tags": [],
      "label": "Input source (Zone 2)"
    }
  },
  "Zone2_ZoneBypassMode": {
    "class": "org.eclipse.smarthome.core.items.ManagedItemProvider$PersistedItem",
    "value": {
      "groupNames": [],
      "itemType": "Switch",
      "tags": [],
      "label": "Zone Bypass Mode",
      "category": "DCS Alarm"
    }
  },
  "Zone9_ZoneStatus": {
    "class": "org.eclipse.smarthome.core.items.ManagedItemProvider$PersistedItem",
    "value": {
      "groupNames": [],
      "itemType": "Contact",
      "tags": [],
      "label": "Zone Status",
      "category": "DCS Alarm"
    }
  },
  "Panel_PanelMessage1": {
    "class": "org.eclipse.smarthome.core.items.ManagedItemProvider$PersistedItem",
    "value": {
      "groupNames": [],
      "itemType": "String",
      "tags": [],
      "label": "Panel Message"
    }
  },
  "Zone8_ZoneStatus": {
    "class": "org.eclipse.smarthome.core.items.ManagedItemProvider$PersistedItem",
    "value": {
      "groupNames": [],
      "itemType": "Contact",
      "tags": [],
      "label": "Zone Status",
      "category": "DCS Alarm"
    }
  },
  "Zone5_ZoneBypassMode": {
    "class": "org.eclipse.smarthome.core.items.ManagedItemProvider$PersistedItem",
    "value": {
      "groupNames": [],
      "itemType": "Switch",
      "tags": [],
      "label": "Zone Bypass Mode",
      "category": "DCS Alarm"
    }
  },
  "DenonAVRX3300W_SurroundProgram": {
    "class": "org.eclipse.smarthome.core.items.ManagedItemProvider$PersistedItem",
    "value": {
      "groupNames": [],
      "itemType": "String",
      "tags": [],
      "label": "Surround program"
    }
  },
  "GarageDoor_ZoneStatus": {
    "class": "org.eclipse.smarthome.core.items.ManagedItemProvider$PersistedItem",
    "value": {
      "groupNames": [],
      "itemType": "Contact",
      "tags": [],
      "label": "Zone Status",
      "category": "DCS Alarm"
    }
  },
  "FrontDoor_ZoneInAlarm": {
    "class": "org.eclipse.smarthome.core.items.ManagedItemProvider$PersistedItem",
    "value": {
      "groupNames": [],
      "itemType": "Switch",
      "tags": [],
      "label": "Zone In Alarm",
      "category": "DCS Alarm"
    }
  },
  "Zone2_ZoneStatus": {
    "class": "org.eclipse.smarthome.core.items.ManagedItemProvider$PersistedItem",
    "value": {
      "groupNames": [],
      "itemType": "Contact",
      "tags": [],
      "label": "Zone Status",
      "category": "DCS Alarm"
    }
  },
  "Zone5_ZoneStatus": {
    "class": "org.eclipse.smarthome.core.items.ManagedItemProvider$PersistedItem",
    "value": {
      "groupNames": [],
      "itemType": "Contact",
      "tags": [],
      "label": "Zone Status",
      "category": "DCS Alarm"
    }
  },
  "GarageDoor_ZoneMessage": {
    "class": "org.eclipse.smarthome.core.items.ManagedItemProvider$PersistedItem",
    "value": {
      "groupNames": [],
      "itemType": "String",
      "tags": [],
      "label": "Zone Message",
      "category": "DCS Alarm"
    }
  },
  "Zone8_ZoneMessage1": {
    "class": "org.eclipse.smarthome.core.items.ManagedItemProvider$PersistedItem",
    "value": {
      "groupNames": [],
      "itemType": "String",
      "tags": [],
      "label": "Zone Message",
      "category": "DCS Alarm"
    }
  },
  "Zone8_ZoneBypassMode": {
    "class": "org.eclipse.smarthome.core.items.ManagedItemProvider$PersistedItem",
    "value": {
      "groupNames": [],
      "itemType": "Switch",
      "tags": [],
      "label": "Zone Bypass Mode",
      "category": "DCS Alarm"
    }
  },
  "FrontLight_Switch": {
    "class": "org.eclipse.smarthome.core.items.ManagedItemProvider$PersistedItem",
    "value": {
      "groupNames": [],
      "itemType": "Switch",
      "tags": [],
      "label": "Switch",
      "category": "Switch"
    }
  },
  "FrontLights_SceneNumber": {
    "class": "org.eclipse.smarthome.core.items.ManagedItemProvider$PersistedItem",
    "value": {
      "groupNames": [],
      "itemType": "Number",
      "tags": [],
      "label": "Scene Number",
      "category": "Lights"
    }
  },
  "Panel_PanelCommand": {
    "class": "org.eclipse.smarthome.core.items.ManagedItemProvider$PersistedItem",
    "value": {
      "groupNames": [],
      "itemType": "Number",
      "tags": [],
      "label": "Panel Command",
      "category": "DCS Alarm"
    }
  },
  "Panel_PanelMessage": {
    "class": "org.eclipse.smarthome.core.items.ManagedItemProvider$PersistedItem",
    "value": {
      "groupNames": [],
      "itemType": "String",
      "tags": [],
      "label": "Panel Message",
      "category": "DCS Alarm"
    }
  },
  "BasementDoor_ZoneInAlarm": {
    "class": "org.eclipse.smarthome.core.items.ManagedItemProvider$PersistedItem",
    "value": {
      "groupNames": [],
      "itemType": "Switch",
      "tags": [],
      "label": "Zone In Alarm",
      "category": "DCS Alarm"
    }
  },
  "Panel_PanelTroubleLED": {
    "class": "org.eclipse.smarthome.core.items.ManagedItemProvider$PersistedItem",
    "value": {
      "groupNames": [],
      "itemType": "Switch",
      "tags": [],
      "label": "Panel Trouble LED",
      "category": "DCS Alarm"
    }
  },
  "DenonAVRX3300W_Power": {
    "class": "org.eclipse.smarthome.core.items.ManagedItemProvider$PersistedItem",
    "value": {
      "groupNames": [],
      "itemType": "Switch",
      "tags": [],
      "label": "Power",
      "category": "Home Theatre"
    }
  },
  "BasementDoor_ZoneBypassMode": {
    "class": "org.eclipse.smarthome.core.items.ManagedItemProvider$PersistedItem",
    "value": {
      "groupNames": [],
      "itemType": "Switch",
      "tags": [],
      "label": "Zone Bypass Mode",
      "category": "DCS Alarm"
    }
  },
  "DenonAVRX3300W_NowPlayingTrack": {
    "class": "org.eclipse.smarthome.core.items.ManagedItemProvider$PersistedItem",
    "value": {
      "groupNames": [],
      "itemType": "String",
      "tags": [],
      "label": "Now Playing (track)"
    }
  },
  "FrontDoor_ZoneMessage": {
    "class": "org.eclipse.smarthome.core.items.ManagedItemProvider$PersistedItem",
    "value": {
      "groupNames": [],
      "itemType": "String",
      "tags": [],
      "label": "Zone Message",
      "category": "DCS Alarm"
    }
  },
  "BasementDoor_ZoneStatus": {
    "class": "org.eclipse.smarthome.core.items.ManagedItemProvider$PersistedItem",
    "value": {
      "groupNames": [],
      "itemType": "Contact",
      "tags": [],
      "label": "Zone Status",
      "category": "DCS Alarm"
    }
  },
  "Panel_PanelTime": {
    "class": "org.eclipse.smarthome.core.items.ManagedItemProvider$PersistedItem",
    "value": {
      "groupNames": [],
      "itemType": "DateTime",
      "tags": [],
      "label": "Panel Time",
      "category": "DCS Alarm"
    }
  }
}